clip_id,split,event_type,seed,center_frame,a_frame,b_frame,residual,boundary,flow_disagreement,track_toggle,ghost,is_true_event,candidate_score,selected,smooth_score,event_score,delta_event,accepted,matched_lifespan_delta,matched_lifespan_accepted,matched_lifespan_identity_reconnected,no_identity_delta,no_identity_accepted,no_identity_reconnected,unnormalized_delta,unnormalized_accepted,no_hysteresis_accepted,identity_reconnected
calibration_hide_reveal_00_000,calibration,hide_reveal,0,14,10,18,0.8527621423235464,0.8338595219899019,0.7321537321683613,0.8567726629980339,0.7507345196907487,True,0.814514147080716,True,0.6367174362282575,0.07105721164909244,-0.5656602245791651,True,-0.21566022457916506,True,False,-0.21566022457916506,True,False,-340.56148480176927,True,True,True
calibration_hide_reveal_00_001,calibration,hide_reveal,17,14,10,18,0.7770103386857372,0.8052497716122797,0.7376070363991961,0.8761220251202818,0.7498527193361197,True,0.7932961118120118,True,0.6380554445990363,0.07065460189581921,-0.5674008427032171,True,-0.21740084270321716,True,False,-0.21740084270321716,True,False,-339.6654391169548,True,True,True
calibration_hide_reveal_00_002,calibration,hide_reveal,34,14,10,18,0.7746133101628878,0.7994705226752598,0.7085183597492918,0.7574109135318373,0.7138097039365342,True,0.7580877832594162,True,0.635770619397285,0.07091155249635774,-0.5648590669009272,True,-0.2148590669009272,True,False,-0.2148590669009272,True,False,-340.12025212049485,True,True,True
calibration_hide_reveal_00_003,calibration,hide_reveal,51,14,10,18,0.8731219483127742,0.7486409788309758,0.676319477753587,0.8339133591819851,0.6198842328657419,True,0.7694757224596261,True,0.6380930975400996,0.0707929103801207,-0.5673001871599789,True,-0.2173001871599789,True,False,-0.2173001871599789,True,False,-342.58847855329515,True,True,True
calibration_hide_reveal_00_004,calibration,hide_reveal,68,14,10,18,0.7730036537131312,0.7261075655103129,0.6401421591790393,0.8807193439825853,0.634470685485381,True,0.742397173986724,True,0.6382336245238753,0.07077878153880644,-0.5674548429850689,True,-0.21745484298506884,True,False,-0.21745484298506884,True,False,-341.94834851026536,True,True,True
calibration_hide_reveal_00_005,calibration,hide_reveal,85,14,10,18,0.7752931294885419,0.74514852929448,0.7214891943634747,0.7929008719110777,0.7000668267602076,True,0.7529951106266867,True,0.6367061279347543,0.07084390417908534,-0.565862223755669,True,-0.21586222375566896,True,False,-0.21586222375566896,True,False,-340.8111557841301,True,True,True
calibration_hide_reveal_00_006,calibration,hide_reveal,102,14,10,18,0.8834039996431969,0.8011194728867906,0.6255547437008462,0.8836087694850226,0.7403337608026449,True,0.7969969468499352,True,0.6392298254127196,0.0708843389086293,-0.5683454865040902,True,-0.21834548650409033,True,False,-0.21834548650409033,True,False,-342.21255539655687,True,True,True
calibration_hide_reveal_00_007,calibration,hide_reveal,119,14,10,18,0.7983199761639297,0.8139162063443558,0.6763341082792576,0.8439443039932861,0.7979639195496188,True,0.7869111200365421,True,0.6363514313388168,0.07060430010557417,-0.5657471312332426,True,-0.21574713123324268,True,False,-0.21574713123324268,True,False,-341.77045010328294,True,True,True
calibration_boundary_occlusion_00_000,calibration,boundary_occlusion,101,14,10,18,0.8806292682500494,0.820389495453659,0.6891406590242689,0.8648487250111664,0.7220749296970262,True,0.8082600607027168,True,0.6390754330493476,0.07070544570535559,-0.568369987343992,True,-0.21836998734399204,True,False,-0.21836998734399204,True,False,-341.4086613535881,True,True,True
calibration_boundary_occlusion_00_001,calibration,boundary_occlusion,118,14,10,18,0.8595359758211509,0.723841498705024,0.6774363007592079,0.882445792247192,0.7023210238681769,True,0.7780528896196414,True,0.6374108894233179,0.070459743408884,-0.5669511460144339,True,-0.216951146014434,True,False,-0.216951146014434,True,False,-343.81661080121995,True,True,True
calibration_boundary_occlusion_00_002,calibration,boundary_occlusion,135,14,10,18,0.7381952409608864,0.7457053419409835,0.771154929343852,0.8172708127125248,0.7881898955562632,True,0.7674792836923692,True,0.637926567690113,0.07060498715109484,-0.5673215805390182,True,-0.2173215805390182,True,False,-0.2173215805390182,True,False,-339.2913813471794,True,True,True
calibration_boundary_occlusion_00_003,calibration,boundary_occlusion,152,14,10,18,0.8930180873999524,0.8273027920614475,0.6942441892447353,0.9498975725676636,0.7166688044924425,True,0.830575452677074,True,0.6366877691311917,0.07076892773951554,-0.5659188413916763,True,-0.21591884139167622,True,False,-0.21591884139167622,True,False,-341.70781182050706,True,True,True
calibration_boundary_occlusion_00_004,calibration,boundary_occlusion,169,14,10,18,0.7816451751472947,0.7309505690784742,0.6654867727200636,0.9297305820682619,0.7065818890910012,True,0.7678505959232075,True,0.6372191491627222,0.07062685376886371,-0.5665922953938585,True,-0.2165922953938584,True,False,-0.2165922953938584,True,False,-341.71352432966233,True,True,True
calibration_boundary_occlusion_00_005,calibration,boundary_occlusion,186,14,10,18,0.7583823917403738,0.6848624054186324,0.722582648298602,0.9067538764777373,0.687970679186654,True,0.7554755721636848,True,0.638427226757216,0.07082144110459314,-0.5676057856526229,True,-0.21760578565262284,True,False,-0.21760578565262284,True,False,-340.4709858775139,True,True,True
calibration_boundary_occlusion_00_006,calibration,boundary_occlusion,203,14,10,18,0.7988216411079391,0.7837222820025186,0.6585831616108571,0.8492474931601304,0.65917159851954,True,0.7631192715837659,True,0.6372770483325854,0.07077373276910325,-0.5665033155634821,True,-0.21650331556348218,True,False,-0.21650331556348218,True,False,-341.05125855207444,True,True,True
calibration_boundary_occlusion_00_007,calibration,boundary_occlusion,220,14,10,18,0.8433479129490692,0.8331118206571289,0.7317466407081599,0.8469123435357124,0.6864081245397283,True,0.8034875427042968,True,0.6395903325884049,0.07081029069068824,-0.5687800418977167,True,-0.21878004189771677,True,False,-0.21878004189771677,True,False,-343.5823187708855,True,True,True
calibration_identity_confuser_00_000,calibration,identity_confuser,202,14,10,18,0.7357160411232696,0.7883800662604094,0.8147875327255762,0.8927710935481615,0.7827651038579232,True,0.8008122624864595,True,0.6334316260588718,0.07099464400053894,-0.5624369820583329,True,-0.2124369820583329,True,False,-0.2124369820583329,True,False,-338.48209618330003,True,True,True
calibration_identity_confuser_00_001,calibration,identity_confuser,219,14,10,18,0.7541154863414856,0.7560209566017728,0.7753820231120053,0.8039120765507536,0.7263661846640659,True,0.766029549134773,True,0.6361445345793246,0.07076135973361435,-0.5653831748457103,True,-0.21538317484571035,True,False,-0.21538317484571035,True,False,-339.66900490522386,True,True,True
calibration_identity_confuser_00_002,calibration,identity_confuser,236,14,10,18,0.8541397979371975,0.8785083794834632,0.767650893509512,0.8962623990454512,0.6535455718938348,True,0.8312992600555413,True,0.634832370466849,0.07068154555441379,-0.5641508249124353,True,-0.2141508249124353,True,False,-0.2141508249124353,True,False,-336.23174904584886,True,True,True
calibration_identity_confuser_00_003,calibration,identity_confuser,253,14,10,18,0.8612654946315373,0.7887857635253913,0.6961451233509299,0.864474195707818,0.7180889504440111,True,0.796445573395383,True,0.6373825182644365,0.07072884615569316,-0.5666536721087433,True,-0.21665367210874334,True,False,-0.21665367210874334,True,False,-339.85532997846605,True,True,True
calibration_identity_confuser_00_004,calibration,identity_confuser,270,14,10,18,0.7551494237507139,0.8957949101761703,0.7468991583205277,0.8818852363296956,0.6634866431170061,True,0.8048416267234664,True,0.6394063844201103,0.07107037722421701,-0.5683360071958933,True,-0.21833600719589336,True,False,-0.21833600719589336,True,False,-339.97708748579026,True,True,True
calibration_identity_confuser_00_005,calibration,identity_confuser,287,14,10,18,0.7601841363486616,0.7849759223050696,0.6392526266414011,0.9061946585988616,0.709282500029996,True,0.766307721714485,True,0.6386075916844121,0.07079815631832302,-0.5678094353660891,True,-0.217809435366089,True,False,-0.217809435366089,True,False,-341.27576302289964,True,True,True
calibration_identity_confuser_00_006,calibration,identity_confuser,304,14,10,18,0.833275731810067,0.7820083212179685,0.6699465268920284,0.870933001422801,0.7428405184616018,True,0.7862809707661349,True,0.6370787834171907,0.07089930987046386,-0.5661794735467268,True,-0.21617947354672687,True,False,-0.21617947354672687,True,False,-342.58237408399583,True,True,True
calibration_identity_confuser_00_007,calibration,identity_confuser,321,14,10,18,0.8365572453879853,0.7913454175101821,0.7164170412564881,0.8760460981839165,0.7054617030485204,True,0.7960144639174747,True,0.6357818354700115,0.0707626845519547,-0.5650191509180569,True,-0.21501915091805693,True,False,-0.21501915091805693,True,False,-340.31843613386155,True,True,True
calibration_normal_motion_00_000,calibration,normal_motion,303,14,10,18,0.20285596417822316,0.15523602693375707,0.21074187730690877,0.2867272040841859,0.2314570819682274,False,0.21216252225303672,False,0.0,0.3940938184647265,0.3940938184647265,False,0.17409381846472655,False,False,0.17409381846472655,False,False,140.94333632707597,False,False,False
calibration_normal_motion_00_001,calibration,normal_motion,320,14,10,18,0.2402452320654447,0.09417310198311248,0.14189166039502943,0.06125957435352524,0.21296251741855832,False,0.14553108220370609,False,0.0,0.39238254569733816,0.39238254569733816,False,0.17238254569733819,False,False,0.17238254569733819,False,False,140.19309218645097,False,False,False
calibration_normal_motion_00_002,calibration,normal_motion,337,14,10,18,0.2594424107849446,0.23538000155207472,0.24130811163693933,0.07578045178850552,0.2336279309625387,False,0.2104861088655977,False,0.0,0.39202917642543056,0.39202917642543056,False,0.17202917642543059,False,False,0.17202917642543059,False,False,138.4058912587166,False,False,False
calibration_normal_motion_00_003,calibration,normal_motion,354,14,10,18,0.19623463738107857,0.17267333285474892,0.21442558261758343,0.05136413106531917,0.2584676043072673,False,0.17123169572626412,False,0.0,0.392544293779494,0.392544293779494,False,0.17254429377949404,False,False,0.17254429377949404,False,False,140.39382155656816,False,False,False
calibration_normal_motion_00_004,calibration,normal_motion,371,14,10,18,0.27116052443274125,0.16556552222483018,0.22643659628543392,0.0392253567524748,0.1447856761659133,False,0.17679246988856592,False,0.0,0.3949172988008662,0.3949172988008662,False,0.1749172988008662,False,False,0.1749172988008662,False,False,142.07067092180253,False,False,False
calibration_normal_motion_00_005,calibration,normal_motion,388,14,10,18,0.30460558331852294,0.1768425048879798,0.23363723882683302,0.17442351451063537,0.1839954362498884,False,0.2203737163441082,False,0.0,0.39099895144065544,0.39099895144065544,False,0.17099895144065547,False,False,0.17099895144065547,False,False,138.25333388566972,False,False,False
calibration_normal_motion_00_006,calibration,normal_motion,405,14,10,18,0.2843290194149837,0.20697110799930926,0.19288450514070457,0.04744088941929224,0.2084459036821582,False,0.19173470113378843,False,0.0,0.39254773793943126,0.39254773793943126,False,0.17254773793943126,False,False,0.17254773793943126,False,False,139.72064955949784,False,False,False
calibration_normal_motion_00_007,calibration,normal_motion,422,14,10,18,0.21754596212099556,0.15484451922303819,0.20695612549958436,0.06021433060609681,0.2423269764216349,False,0.17076440919930816,False,0.0,0.39245724705696305,0.39245724705696305,False,0.17245724705696305,False,False,0.17245724705696305,False,False,139.0448072743416,False,False,False
calibration_distractor_motion_00_000,calibration,distractor_motion,404,14,10,18,0.4051498718998652,0.39150011296786663,0.4901230806185623,0.25479461717806656,0.3520121919322604,False,0.3833472549694848,False,0.0,0.3958714110769222,0.3958714110769222,False,0.17587141107692222,False,False,0.17587141107692222,False,False,143.82538588762284,False,False,False
calibration_distractor_motion_00_001,calibration,distractor_motion,421,14,10,18,0.4550111885113035,0.48271296213179093,0.43856709210860645,0.2225406149185871,0.2691319935643849,False,0.39356577842265084,False,0.0,0.39409461625633707,0.39409461625633707,False,0.17409461625633704,False,False,0.17409461625633704,False,False,142.31777175188066,False,False,False
calibration_distractor_motion_00_002,calibration,distractor_motion,438,14,10,18,0.40840030249556103,0.38995740710769966,0.4835514030427932,0.15871190309029148,0.350113579977271,False,0.3630534466251592,False,0.0,0.39411312907714396,0.39411312907714396,False,0.174113129077144,False,False,0.174113129077144,False,False,141.65390761613847,False,False,False
calibration_distractor_motion_00_003,calibration,distractor_motion,455,14,10,18,0.4431547837654833,0.39324349981038176,0.48664552822046736,0.19651359412635588,0.3118908697793845,False,0.37692048234126935,False,0.0,0.3952631728198209,0.3952631728198209,False,0.1752631728198209,False,False,0.1752631728198209,False,False,143.30545790910722,False,False,False
calibration_distractor_motion_00_004,calibration,distractor_motion,472,14,10,18,0.5603801010745305,0.40495653592777636,0.5012098012378314,0.2867669746621249,0.40377178847603146,False,0.4393066932781712,False,0.0,0.3954544450699197,0.3954544450699197,False,0.17545444506991975,False,False,0.17545444506991975,False,False,142.96298964738847,False,False,False
calibration_distractor_motion_00_005,calibration,distractor_motion,489,14,10,18,0.4872332451835136,0.3342602470172833,0.49610629217464774,0.14707601518312247,0.34959375670405046,False,0.3689692101921583,False,0.0,0.3958986358933824,0.3958986358933824,False,0.17589863589338245,False,False,0.17589863589338245,False,False,143.39397414445878,False,False,False
calibration_distractor_motion_00_006,calibration,distractor_motion,506,14,10,18,0.41354840330652504,0.37988151655269586,0.41799823874912573,0.16151323986067895,0.3995906242528793,False,0.3542188381120541,False,0.0,0.395164280330032,0.395164280330032,False,0.175164280330032,False,False,0.175164280330032,False,False,142.48998244524003,False,False,False
calibration_distractor_motion_00_007,calibration,distractor_motion,523,14,10,18,0.4412999520708518,0.3686018542169602,0.39858758750936013,0.20453931423879335,0.3824929927351155,False,0.3613501311950953,False,0.0,0.3948238289897782,0.3948238289897782,False,0.17482382898977822,False,False,0.17482382898977822,False,False,143.22272475481034,False,False,False
heldout_hide_reveal_01_000,heldout,hide_reveal,1000,14,10,18,0.8706404119188288,0.6992172152413332,0.7529516732920755,0.8317629485086936,0.6626792429354779,True,0.775675255443742,True,0.636630699535987,0.07084929192672053,-0.5657814076092665,True,-0.21578140760926656,True,False,-0.21578140760926656,True,False,-341.5375313639641,True,True,True
heldout_hide_reveal_01_001,heldout,hide_reveal,1017,14,10,18,0.7843094886178945,0.7908257077592225,0.614665314268042,0.9228097269548912,0.7487232633417696,True,0.7761511336730429,True,0.6358855581092273,0.0708855856194347,-0.5649999724897926,True,-0.21499997248979258,True,False,-0.21499997248979258,True,False,-339.47077320814134,True,True,True
heldout_hide_reveal_01_002,heldout,hide_reveal,1034,14,10,18,0.7747441289672882,0.7646825933617043,0.7170320280621739,0.8028409837654334,0.7453268518414496,True,0.7633639681319146,True,0.636932190252202,0.07067185492961355,-0.5662603353225885,True,-0.2162603353225886,True,False,-0.2162603353225886,True,False,-341.5791220545769,True,True,True
heldout_hide_reveal_01_003,heldout,hide_reveal,1051,14,10,18,0.9091573555823271,0.7556150937968481,0.6958969968205748,0.9044665140678384,0.7562399095998471,True,0.8118898054824613,True,0.6359505963809358,0.07083318218104802,-0.5651174141998877,True,-0.21511741419988772,True,False,-0.21511741419988772,True,False,-339.6158137202263,True,True,True
heldout_hide_reveal_01_004,heldout,hide_reveal,1068,14,10,18,0.76080851640936,0.6904841621315108,0.7495035621688183,0.9502625125653315,0.760109981527764,True,0.778787382734824,True,0.6370581268776223,0.07098734991717702,-0.5660707769604453,True,-0.2160707769604453,True,False,-0.2160707769604453,True,False,-342.44748162031175,True,True,True
heldout_hide_reveal_01_005,heldout,hide_reveal,1085,14,10,18,0.7883925695672199,0.6930338828723316,0.6909531804561132,0.8669518033984597,0.671577233845392,True,0.7490953332653416,True,0.6380801503027864,0.07086677861424506,-0.5672133716885414,True,-0.21721337168854143,True,False,-0.21721337168854143,True,False,-341.92746781110765,True,True,True
heldout_hide_reveal_01_006,heldout,hide_reveal,1102,14,10,18,0.8428617355274785,0.7596417439062326,0.7884710490488591,0.8353819510906934,0.6725384940638395,True,0.7926503192927221,True,0.6340395905249481,0.07079659316803939,-0.5632429973569086,True,-0.21324299735690877,True,False,-0.21324299735690877,True,False,-340.3026223063469,True,True,True
heldout_hide_reveal_01_007,heldout,hide_reveal,1119,14,10,18,0.8239810251802747,0.770226488582097,0.6695460222768517,0.8243013851675651,0.7185110704195249,True,0.7691724669714288,True,0.6344499542795443,0.07065529680593195,-0.5637946574736123,True,-0.21379465747361237,True,False,-0.21379465747361237,True,False,-340.44312142133714,True,True,True
heldout_boundary_occlusion_01_000,heldout,boundary_occlusion,1101,14,10,18,0.7705525047558106,0.7544689606500481,0.6950788319474347,0.8547412745411015,0.7078720256489568,True,0.7620065902140676,True,0.6367233679810221,0.07075647466387781,-0.5659668933171443,True,-0.21596689331714436,True,False,-0.21596689331714436,True,False,-342.3185620188713,True,True,True
heldout_boundary_occlusion_01_001,heldout,boundary_occlusion,1118,14,10,18,0.7516187532878745,0.6868802890592346,0.6719192634480404,0.9082546585237617,0.7857900983062895,True,0.7542385548117666,True,0.6367181098840731,0.07065831575735654,-0.5660597941267165,True,-0.21605979412671655,True,False,-0.21605979412671655,True,False,-342.15815209150315,True,True,True
heldout_boundary_occlusion_01_002,heldout,boundary_occlusion,1135,14,10,18,0.8385283076512667,0.7287696528747908,0.7463969607043163,0.8159540368745248,0.7035840501663,True,0.7746530946639126,True,0.6383888854869109,0.070846292089468,-0.5675425933974428,True,-0.21754259339744283,True,False,-0.21754259339744283,True,False,-342.0565447688103,True,True,True
heldout_boundary_occlusion_01_003,heldout,boundary_occlusion,1152,14,10,18,0.7858918897922241,0.7536236296264028,0.688048321216504,0.8476432449417545,0.7448205759331001,True,0.7664992506796184,True,0.6367549108719444,0.07076539391507919,-0.5659895169568652,True,-0.21598951695686525,True,False,-0.21598951695686525,True,False,-340.41723107099534,True,True,True
heldout_boundary_occlusion_01_004,heldout,boundary_occlusion,1169,14,10,18,0.896702256148166,0.8581246577668349,0.6313028601250142,0.8549632598359242,0.7259198387537547,True,0.8085519363463134,True,0.6363100813117422,0.07079137187978397,-0.5655187094319581,True,-0.21551870943195828,True,False,-0.21551870943195828,True,False,-339.8362545847893,True,True,True
heldout_boundary_occlusion_01_005,heldout,boundary_occlusion,1186,14,10,18,0.8213502278412955,0.7737179285405452,0.7141644487809545,0.8801442146678742,0.733042230305071,True,0.790932994815733,True,0.6401473984270989,0.07088940050673945,-0.5692579979203595,True,-0.21925799792035952,True,False,-0.21925799792035952,True,False,-343.6138424754143,True,True,True
heldout_boundary_occlusion_01_006,heldout,boundary_occlusion,1203,14,10,18,0.8709252609638491,0.7699068035726584,0.7476813625869645,0.8538520137002601,0.7357768289649824,True,0.8040923742880701,True,0.6382870089278366,0.07088232202265687,-0.5674046869051798,True,-0.21740468690517978,True,False,-0.21740468690517978,True,False,-339.1160588145256,True,True,True
heldout_boundary_occlusion_01_007,heldout,boundary_occlusion,1220,14,10,18,0.808458623558548,0.8410902380679066,0.7464807906336921,0.8541992833582346,0.7483305865558281,True,0.8073562888605818,True,0.6356449001838926,0.07097957787060709,-0.5646653223132856,True,-0.2146653223132856,True,False,-0.2146653223132856,True,False,-340.4290070414543,True,True,True
heldout_identity_confuser_01_000,heldout,identity_confuser,1202,14,10,18,0.8303646156089269,0.8139072987909148,0.6869617781484156,0.9111569770949463,0.7217761052370483,True,0.8028693401723377,True,0.6370836666201467,0.07062663263153562,-0.566457033988611,True,-0.21645703398861116,True,False,-0.21645703398861116,True,False,-340.1658558726311,True,True,True
heldout_identity_confuser_01_001,heldout,identity_confuser,1219,14,10,18,0.7234443957395227,0.7625021470110626,0.7592742604473922,0.8548938065901246,0.7422367635127566,True,0.7685439254464254,True,0.6357280322049594,0.07046747037566874,-0.5652605618292907,True,-0.2152605618292907,True,False,-0.2152605618292907,True,False,-343.09140824079515,True,True,True
heldout_identity_confuser_01_002,heldout,identity_confuser,1236,14,10,18,0.8089119310177951,0.7636206235508951,0.7517165788633409,0.8068624795688503,0.7006562408809959,True,0.7749145744167104,True,0.6385707230009452,0.0709095276056185,-0.5676611953953267,True,-0.21766119539532677,True,False,-0.21766119539532677,True,False,-341.6481785655022,True,True,True
heldout_identity_confuser_01_003,heldout,identity_confuser,1253,14,10,18,0.784176469453398,0.7488736199716676,0.7132980173613206,0.8522582032100325,0.7047719791343436,True,0.7668509643839713,True,0.6348782390702972,0.07095276925262438,-0.5639254698176728,True,-0.21392546981767285,True,False,-0.21392546981767285,True,False,-338.9644589304924,True,True,True
heldout_identity_confuser_01_004,heldout,identity_confuser,1270,14,10,18,0.9308885726878783,0.7252718248578789,0.6158146601351645,0.8541670404951921,0.6528886509728704,True,0.7733253046097976,True,0.637004069370787,0.07099243509583963,-0.5660116342749474,True,-0.2160116342749474,True,False,-0.2160116342749474,True,False,-340.99582718610765,True,True,True
heldout_identity_confuser_01_005,heldout,identity_confuser,1287,14,10,18,0.8472949726651622,0.7907925246570972,0.701546068385323,0.7692377336623062,0.6950904941875109,True,0.7731876841588419,True,0.638875729193946,0.07088936675467852,-0.5679863624392675,True,-0.21798636243926742,True,False,-0.21798636243926742,True,False,-340.10507439374925,True,True,True
heldout_identity_confuser_01_006,heldout,identity_confuser,1304,14,10,18,0.7842030049722225,0.7527264461725646,0.628711321441995,0.9495301329387827,0.750363183824982,True,0.7749169720448505,True,0.636779690947517,0.07103157569991526,-0.5657481152476017,True,-0.21574811524760168,True,False,-0.21574811524760168,True,False,-340.1193413615227,True,True,True
heldout_identity_confuser_01_007,heldout,identity_confuser,1321,14,10,18,0.7399237615434615,0.7526218500058053,0.7199607867531709,0.9666926691723943,0.7471833009066235,True,0.785185424163092,True,0.6374099692179398,0.07059507729913868,-0.5668148919188011,True,-0.2168148919188012,True,False,-0.2168148919188012,True,False,-342.81801842451097,True,True,True
heldout_normal_motion_01_000,heldout,normal_motion,1303,14,10,18,0.19968188407922097,0.1314354699695234,0.25310721263019126,0.06817295630795023,0.15662512977597576,False,0.16269788527741197,False,0.0,0.39251491772830843,0.39251491772830843,False,0.1725149177283084,False,False,0.1725149177283084,False,False,139.79299147844316,False,False,False
heldout_normal_motion_01_001,heldout,normal_motion,1320,14,10,18,0.22803855682914573,0.2390541188064732,0.34277035634787345,0.05361079360105418,0.1490673919201845,False,0.21095613809070873,False,0.0,0.3906381592824519,0.3906381592824519,False,0.1706381592824519,False,False,0.1706381592824519,False,False,137.80631240129472,False,False,False
heldout_normal_motion_01_002,heldout,normal_motion,1337,14,10,18,0.24413823687139236,0.1803196018243374,0.1270530782370271,0.07026987136588908,0.25278843468387036,False,0.17085789306290272,False,0.0,0.39333691062632037,0.39333691062632037,False,0.1733369106263204,False,False,0.1733369106263204,False,False,140.58158095598222,False,False,False
heldout_normal_motion_01_003,heldout,normal_motion,1354,14,10,18,0.20136278888320072,0.18156302173511696,0.16629658693416266,0.12675223540063643,0.1671468744361976,False,0.171055904565159,False,0.0,0.3939208806904069,0.3939208806904069,False,0.17392088069040695,False,False,0.17392088069040695,False,False,141.41648085832597,False,False,False
heldout_normal_motion_01_004,heldout,normal_motion,1371,14,10,18,0.2655560407648094,0.1718235550783802,0.19241806387312427,0.04634876521145095,0.14100727900887153,False,0.1711989926785996,False,0.0,0.3926676306635461,0.3926676306635461,False,0.17266763066354612,False,False,0.17266763066354612,False,False,139.6426618885994,False,False,False
heldout_normal_motion_01_005,heldout,normal_motion,1388,14,10,18,0.24078991531811847,0.269435593853484,0.22721388296569794,0.11313318906728823,0.1323094207160934,False,0.2088567337711072,False,0.0,0.39386334475002366,0.39386334475002366,False,0.17386334475002363,False,False,0.17386334475002363,False,False,141.00275405168534,False,False,False
heldout_normal_motion_01_006,heldout,normal_motion,1405,14,10,18,0.26221343429510047,0.14796943255012318,0.18961480082188165,0.13901915898041606,0.22118612513364896,False,0.19039112118513035,False,0.0,0.39263913656327,0.39263913656327,False,0.17263913656327,False,False,0.17263913656327,False,False,139.49452956438066,False,False,False
heldout_normal_motion_01_007,heldout,normal_motion,1422,14,10,18,0.13933977488093308,0.22473409042300416,0.18727323002035845,0.1538501164045708,0.1926795143497966,False,0.17851108704594984,False,0.0,0.3939388382571685,0.3939388382571685,False,0.17393883825716855,False,False,0.17393883825716855,False,False,140.86716445207597,False,False,False
heldout_distractor_motion_01_000,heldout,distractor_motion,1404,14,10,18,0.37765249991977295,0.3959238938605288,0.5224407293411758,0.13806592538280318,0.30401023155214046,False,0.3558964525450853,False,0.0,0.3945208397061892,0.3945208397061892,False,0.1745208397061892,False,False,0.1745208397061892,False,False,142.73183425188066,False,False,False
heldout_distractor_motion_01_001,heldout,distractor_motion,1421,14,10,18,0.38852999599670496,0.39103570693758316,0.4352178364000643,0.24640710633747914,0.46345824308059214,False,0.37756223858914,False,0.0,0.39362300748723483,0.39362300748723483,False,0.17362300748723486,False,False,0.17362300748723486,False,False,141.50453933000566,False,False,False
heldout_distractor_motion_01_002,heldout,distractor_motion,1438,14,10,18,0.4177427860993632,0.3145957277092673,0.40294132617531564,0.15950760797045702,0.3477013022740294,False,0.33034454550871506,False,0.0,0.39495864589421753,0.39495864589421753,False,0.17495864589421756,False,False,0.17495864589421756,False,False,142.35216506242753,False,False,False
heldout_distractor_motion_01_003,heldout,distractor_motion,1455,14,10,18,0.4954670966845998,0.42317110467442626,0.513421358029205,0.258452632920219,0.3897736240887826,False,0.42301171093851964,False,0.0,0.3946559875523751,0.3946559875523751,False,0.1746559875523751,False,False,0.1746559875523751,False,False,142.43935378313066,False,False,False
heldout_distractor_motion_01_004,heldout,distractor_motion,1472,14,10,18,0.5015610069199179,0.3310837548835338,0.42355232837525386,0.17099650241007025,0.30811795561144995,False,0.3578827521690727,False,0.0,0.39311228713982777,0.39311228713982777,False,0.1731122871398278,False,False,0.1731122871398278,False,False,141.09870131731034,False,False,False
heldout_distractor_motion_01_005,heldout,distractor_motion,1489,14,10,18,0.465279977011195,0.2666819683396277,0.5018210351620663,0.16122879793301986,0.3379044601169926,False,0.34939089896842224,False,0.0,0.39546685788094316,0.39546685788094316,False,0.17546685788094316,False,False,0.17546685788094316,False,False,143.7890699696541,False,False,False
heldout_distractor_motion_01_006,heldout,distractor_motion,1506,14,10,18,0.3028764582692446,0.36931584352609087,0.47125897803671085,0.1776286085965137,0.4599220562707436,False,0.3438177984025531,False,0.0,0.3951871809996817,0.3951871809996817,False,0.1751871809996817,False,False,0.1751871809996817,False,False,142.86481459856034,False,False,False
heldout_distractor_motion_01_007,heldout,distractor_motion,1523,14,10,18,0.5121056701514174,0.32395084851919814,0.5102925040280071,0.15438562350307805,0.4124150565034659,False,0.3831912608242175,False,0.0,0.3937959487825046,0.3937959487825046,False,0.17379594878250465,False,False,0.17379594878250465,False,False,141.8329695057869,False,False,False
calibration_hide_reveal_02_000,calibration,hide_reveal,2000,14,10,18,0.8688960637372375,0.7576699696506561,0.6957082173214999,0.8347059165403041,0.743145820455113,True,0.7870389171648456,True,0.6367685910057314,0.07091619078034486,-0.5658524002253865,True,-0.21585240022538651,True,False,-0.21585240022538651,True,False,-338.87056683301927,True,True,True
calibration_hide_reveal_02_001,calibration,hide_reveal,2017,14,10,18,0.8613936594174963,0.7503090163034223,0.792109069839172,0.8437773996230962,0.7124033999576249,True,0.8013433028184458,True,0.6385829591071335,0.07082957946023632,-0.5677533796468972,True,-0.21775337964689712,True,False,-0.21775337964689712,True,False,-341.20687054395677,True,True,True
calibration_hide_reveal_02_002,calibration,hide_reveal,2034,14,10,18,0.7947889780294805,0.7436190705074208,0.7203521802263729,0.8462668029225971,0.8053360393604806,True,0.7784594127000674,True,0.6342441378407228,0.0708527693335696,-0.5633913685071532,True,-0.21339136850715318,True,False,-0.21339136850715318,True,False,-339.3953671336174,True,True,True
calibration_hide_reveal_02_003,calibration,hide_reveal,2051,14,10,18,0.8581704532127665,0.7879021293656242,0.7174519654021598,0.8572270763152529,0.6877119503481615,True,0.7952251490228963,True,0.6384013433716431,0.07083065988821316,-0.56757068348343,True,-0.21757068348342992,True,False,-0.21757068348342992,True,False,-341.8139691233635,True,True,True
calibration_hide_reveal_02_004,calibration,hide_reveal,2068,14,10,18,0.8089891468649358,0.7765621526952137,0.7197865608557104,0.8541181954478307,0.6997276702667435,True,0.78114154317742,True,0.6386901406887671,0.07082471334345221,-0.5678654273453149,True,-0.21786542734531494,True,False,-0.21786542734531494,True,False,-341.8995880961418,True,True,True
calibration_hide_reveal_02_005,calibration,hide_reveal,2085,14,10,18,0.8227016715740494,0.719456682639132,0.6828665864400236,0.8684855205863875,0.7697402744115304,True,0.7727840373997306,True,0.6366938527990746,0.0709279434623872,-0.5657659093366875,True,-0.2157659093366874,True,False,-0.2157659093366874,True,False,-337.9380516886711,True,True,True
calibration_hide_reveal_02_006,calibration,hide_reveal,2102,14,10,18,0.7073799389254385,0.7783713908600015,0.7405430796522698,0.9140333565742673,0.6775388734609372,True,0.7701070070377611,True,0.6392040219320495,0.07095461230017175,-0.5682494096318778,True,-0.21824940963187778,True,False,-0.21824940963187778,True,False,-342.0943808436394,True,True,True
calibration_hide_reveal_02_007,calibration,hide_reveal,2119,14,10,18,0.8842129185384726,0.737701310931715,0.6773740937027134,0.7901673344437631,0.7041649006343194,True,0.7694033330602742,True,0.636745382394718,0.07070794380030414,-0.5660374385944139,True,-0.21603743859441382,True,False,-0.21603743859441382,True,False,-341.5790762782097,True,True,True
calibration_boundary_occlusion_02_000,calibration,boundary_occlusion,2101,14,10,18,0.8568650808795447,0.9324011217978447,0.6597153076189002,0.8344149702494028,0.7661168308434988,True,0.822754289327358,True,0.6364534188389062,0.07067284047579134,-0.5657805783631148,True,-0.2157805783631149,True,False,-0.2157805783631149,True,False,-342.36276577711106,True,True,True
calibration_boundary_occlusion_02_001,calibration,boundary_occlusion,2118,14,10,18,0.810968053606065,0.7541651979192453,0.6771526931368832,0.841894592465823,0.7854811976986451,True,0.7736408897717333,True,0.6378240050174502,0.07073829120053947,-0.5670857138169108,True,-0.21708571381691066,True,False,-0.21708571381691066,True,False,-342.046663749218,True,True,True
calibration_boundary_occlusion_02_002,calibration,boundary_occlusion,2135,14,10,18,0.8271430432845029,0.8240235846986617,0.7241550823609416,0.8855231377478286,0.8244867542850035,True,0.8171759764460456,True,0.6382309820407565,0.07057092052171468,-0.5676600615190418,True,-0.2176600615190418,True,False,-0.2176600615190418,True,False,-343.5878834605217,True,True,True
calibration_boundary_occlusion_02_003,calibration,boundary_occlusion,2152,14,10,18,0.7904721898683386,0.7321605629018693,0.6453952912160631,0.8284696905852684,0.7842472385126358,True,0.7538559084040819,True,0.6387632780247978,0.070758490115451,-0.5680047879093468,True,-0.2180047879093468,True,False,-0.2180047879093468,True,False,-340.4052719950676,True,True,True
calibration_boundary_occlusion_02_004,calibration,boundary_occlusion,2169,14,10,18,0.7644168632551721,0.7206830521534822,0.6083883074695028,0.9030734531465276,0.7224113589158576,True,0.7458084668669555,True,0.638817322136247,0.07047289092073235,-0.5683444312155146,True,-0.21834443121551472,True,False,-0.21834443121551472,True,False,-343.87916420698167,True,True,True
calibration_boundary_occlusion_02_005,calibration,boundary_occlusion,2186,14,10,18,0.8351428283058252,0.8268950705412037,0.6924490677148524,0.8325077368045577,0.7593203741475646,True,0.7964328730303958,True,0.63841979311389,0.07076068754858784,-0.5676591055653021,True,-0.21765910556530216,True,False,-0.21765910556530216,True,False,-341.09100769758226,True,True,True
calibration_boundary_occlusion_02_006,calibration,boundary_occlusion,2203,14,10,18,0.8647810083857583,0.7233024460142339,0.7043664622502925,0.8475349946503786,0.7307948194337198,True,0.7804806369235042,True,0.6382951406967297,0.07073855711677882,-0.5675565835799509,True,-0.21755658357995092,True,False,-0.21755658357995092,True,False,-342.90538452863694,True,True,True
calibration_boundary_occlusion_02_007,calibration,boundary_occlusion,2220,14,10,18,0.8218489002070859,0.8026680706629514,0.7262307087608811,0.9281876512610234,0.7383491641511283,True,0.8108478311370031,True,0.6372500060541029,0.0703664357884719,-0.566883570265631,True,-0.21688357026563104,True,False,-0.21688357026563104,True,False,-344.0092053294182,True,True,True
calibration_identity_confuser_02_000,calibration,identity_confuser,2202,14,10,18,0.8618092051604832,0.8124517548569272,0.675289324517724,0.8074525510574257,0.7033318022787576,True,0.7854467953472584,True,0.6355093782323655,0.0706634456939921,-0.5648459325383735,True,-0.2148459325383734,True,False,-0.2148459325383734,True,False,-340.92744969129564,True,True,True
calibration_identity_confuser_02_001,calibration,identity_confuser,2219,14,10,18,0.8220555332479935,0.71452626803665,0.6400285004923534,0.9084368310473102,0.7332474729558279,True,0.7671632639246764,True,0.6364388761926272,0.07079171336520682,-0.5656471628274203,True,-0.21564716282742039,True,False,-0.21564716282742039,True,False,-340.82062767744065,True,True,True
calibration_identity_confuser_02_002,calibration,identity_confuser,2236,14,10,18,0.7789461409399753,0.7207183182784664,0.7379267060289723,0.8451641082106823,0.7359045943525382,True,0.7651247370877952,True,0.6371100156865276,0.0707804754310497,-0.5663295402554779,True,-0.2163295402554779,True,False,-0.2163295402554779,True,False,-341.94069813489915,True,True,True
calibration_identity_confuser_02_003,calibration,identity_confuser,2253,14,10,18,0.8379580124257053,0.8159167658245006,0.6615141839303929,0.8268131189804189,0.6907015936637233,True,0.7802043145110861,True,0.6366102877792408,0.07086761566409358,-0.5657426721151472,True,-0.21574267211514728,True,False,-0.21574267211514728,True,False,-340.9387726664543,True,True,True
calibration_identity_confuser_02_004,calibration,identity_confuser,2270,14,10,18,0.7233508704628253,0.7284523381035122,0.6949376058953702,0.9039573302564411,0.7035004402256289,True,0.7530798333945096,True,0.6388543982355124,0.07080596935159647,-0.5680484288839159,True,-0.21804842888391593,True,False,-0.21804842888391593,True,False,-341.01410912275315,True,True,True
calibration_identity_confuser_02_005,calibration,identity_confuser,2287,14,10,18,0.8395339693013185,0.7942950503700119,0.7022193361969095,0.9238533319488879,0.6479725332350355,True,0.7984690418704955,True,0.6359924713966713,0.0710887942915526,-0.5649036771051187,True,-0.21490367710511868,True,False,-0.21490367710511868,True,False,-335.5082363963127,True,True,True
calibration_identity_confuser_02_006,calibration,identity_confuser,2304,14,10,18,0.848243888880664,0.7779590101653385,0.7419810788008177,0.8896789760438181,0.7132011251816014,True,0.8042028482485881,True,0.636039853308072,0.07076466046970509,-0.5652751928383669,True,-0.21527519283836694,True,False,-0.21527519283836694,True,False,-340.3605008006096,True,True,True
calibration_identity_confuser_02_007,calibration,identity_confuser,2321,14,10,18,0.8265589400281796,0.757583645061987,0.6742727174206296,0.884486043016091,0.6503690139487571,True,0.7728242997547615,True,0.640108454311622,0.0708434043717578,-0.5692650499398642,True,-0.2192650499398643,True,False,-0.2192650499398643,True,False,-342.5069031596184,True,True,True
calibration_normal_motion_02_000,calibration,normal_motion,2303,14,10,18,0.18792444545032794,0.14942402128951662,0.20899798191510238,0.2166414541057911,0.2696245516282343,False,0.19642745905196324,False,0.0,0.3912346963162426,0.3912346963162426,False,0.1712346963162426,False,False,0.1712346963162426,False,False,137.76425917863847,False,False,False
calibration_normal_motion_02_001,calibration,normal_motion,2320,14,10,18,0.2592204901690116,0.1304898189607367,0.23705715116428558,0.17494055901740754,0.18605998173154584,False,0.1984331174919303,False,0.0,0.39222690833928725,0.39222690833928725,False,0.17222690833928728,False,False,0.17222690833928728,False,False,139.77477248430253,False,False,False
calibration_normal_motion_02_002,calibration,normal_motion,2337,14,10,18,0.37862102989173696,0.12668818334121817,0.22944700245875904,0.1065992650664937,0.24383498193773642,False,0.21792005500706296,False,0.0,0.39395382424595565,0.39395382424595565,False,0.17395382424595568,False,False,0.17395382424595568,False,False,140.1997145009041,False,False,False
calibration_normal_motion_02_003,calibration,normal_motion,2354,14,10,18,0.3033990640806219,0.21299700632387342,0.19399752184529237,0.11952667844239115,0.19288284438132008,False,0.21109214209679256,False,0.0,0.39448169726797494,0.39448169726797494,False,0.17448169726797497,False,False,0.17448169726797497,False,False,141.76456435441972,False,False,False
calibration_normal_motion_02_004,calibration,normal_motion,2371,14,10,18,0.19049585561192714,0.11235257251663361,0.1770211789353714,0.09134559186290289,0.12765928774576435,False,0.14215138996637147,False,0.0,0.39374235254072815,0.39374235254072815,False,0.17374235254072817,False,False,0.17374235254072817,False,False,140.28318007707597,False,False,False
calibration_normal_motion_02_005,calibration,normal_motion,2388,14,10,18,0.2599981891410178,0.14120526976262188,0.22799840390426826,0.13270097528573577,0.18427291500136556,False,0.1908680320640473,False,0.0,0.3931178905952344,0.3931178905952344,False,0.17311789059523439,False,False,0.17311789059523439,False,False,139.85739882707597,False,False,False
calibration_normal_motion_02_006,calibration,normal_motion,2405,14,10,18,0.2086221655930513,0.12723342464060938,0.11733123335360628,0.11836688462355818,0.18834648399206663,False,0.14993816955305472,False,0.0,0.3951776286286843,0.3951776286286843,False,0.1751776286286843,False,False,0.1751776286286843,False,False,142.3908766102791,False,False,False
calibration_normal_motion_02_007,calibration,normal_motion,2422,14,10,18,0.24564523231558227,0.14955643549706094,0.20818207976770178,0.15363620777183118,0.12582575161971493,False,0.1837466496230389,False,0.0,0.3931678729157289,0.3931678729157289,False,0.1731678729157289,False,False,0.1731678729157289,False,False,140.60004409074784,False,False,False
calibration_distractor_motion_02_000,calibration,distractor_motion,2404,14,10,18,0.38238486523386594,0.34346189756405243,0.4678619373521293,0.19704520210097826,0.41724731901960105,False,0.35616785049206123,False,0.0,0.3937814069410945,0.3937814069410945,False,0.1737814069410945,False,False,0.1737814069410945,False,False,142.0432203602791,False,False,False
calibration_distractor_motion_02_001,calibration,distractor_motion,2421,14,10,18,0.4070084903942501,0.32226146517615345,0.517336490833222,0.1115785541389546,0.3038235259295231,False,0.3384828504799885,False,0.0,0.3977398168563558,0.3977398168563558,False,0.17773981685635581,False,False,0.17773981685635581,False,False,145.06996901750566,False,False,False
calibration_distractor_motion_02_002,calibration,distractor_motion,2438,14,10,18,0.4364899045864947,0.4381957156955273,0.5032472590390972,0.2347876631156367,0.33772468633603303,False,0.4000508581350556,False,0.0,0.39349546318062995,0.39349546318062995,False,0.17349546318062997,False,False,0.17349546318062997,False,False,140.89109023332597,False,False,False
calibration_distractor_motion_02_003,calibration,distractor_motion,2455,14,10,18,0.4296951631687227,0.42211395840248533,0.4475351151663433,0.2881659820843437,0.377736198757371,False,0.3978661197186766,False,0.0,0.394820397546139,0.394820397546139,False,0.17482039754613904,False,False,0.17482039754613904,False,False,142.98810561418534,False,False,False
calibration_distractor_motion_02_004,calibration,distractor_motion,2472,14,10,18,0.38974311833601594,0.3668818487085626,0.4732453937047981,0.09906898502147048,0.3135976469598565,False,0.33497888220238403,False,0.0,0.39441915737348654,0.39441915737348654,False,0.17441915737348654,False,False,0.17441915737348654,False,False,142.03185256242753,False,False,False
calibration_distractor_motion_02_005,calibration,distractor_motion,2489,14,10,18,0.4668202379942743,0.3363661114200145,0.4394973223330098,0.20687268584490043,0.39461650899749634,False,0.3695322398889039,False,0.0,0.3957025355492592,0.3957025355492592,False,0.17570253554925921,False,False,0.17570253554925921,False,False,143.73288710832597,False,False,False
calibration_distractor_motion_02_006,calibration,distractor_motion,2506,14,10,18,0.4127761344974671,0.4023004211708927,0.434032693758445,0.1306885620586437,0.38354336172754494,False,0.3550677262532622,False,0.0,0.3935805906638212,0.3935805906638212,False,0.1735805906638212,False,False,0.1735805906638212,False,False,141.5659254384041,False,False,False
calibration_distractor_motion_02_007,calibration,distractor_motion,2523,14,10,18,0.45019543761288316,0.36075874050005385,0.4194173285763398,0.23532841826644801,0.3749159803254579,False,0.37117929192933763,False,0.0,0.39482504844023,0.39482504844023,False,0.17482504844023,False,False,0.17482504844023,False,False,141.84201796770097,False,False,False
heldout_hide_reveal_03_000,heldout,hide_reveal,3000,14,10,18,0.8481324715618135,0.7682470109177808,0.7315355563186745,0.8415494453513168,0.7744125919802495,True,0.7961531301519217,True,0.6365391532029541,0.07087191216914569,-0.5656672410338084,True,-0.2156672410338084,True,False,-0.2156672410338084,True,False,-340.2948498606682,True,True,True
heldout_hide_reveal_03_001,heldout,hide_reveal,3017,14,10,18,0.7634833479126003,0.7636554748832244,0.707285802544594,0.8869570618321329,0.6852327505870893,True,0.7691565536330104,True,0.636811134799159,0.07100910922774918,-0.5658020255714098,True,-0.21580202557140976,True,False,-0.21580202557140976,True,False,-339.63498257398606,True,True,True
heldout_hide_reveal_03_002,heldout,hide_reveal,3034,14,10,18,0.8198439145618827,0.7286173456226905,0.7376701168779244,0.8988832884178203,0.7523433901512253,True,0.7896603351204148,True,0.6379493827866418,0.07082709420852717,-0.5671222885781146,True,-0.2171222885781146,True,False,-0.2171222885781146,True,False,-343.75240753889085,True,True,True
heldout_hide_reveal_03_003,heldout,hide_reveal,3051,14,10,18,0.8008960507013774,0.7970330465028174,0.6455807589917176,0.8357313016805052,0.6377580042495256,True,0.7595204868604458,True,0.6400277512078418,0.07043554618598778,-0.569592205021854,True,-0.21959220502185411,True,False,-0.21959220502185411,True,False,-344.583715903759,True,True,True
heldout_hide_reveal_03_004,heldout,hide_reveal,3068,14,10,18,0.8440222770405463,0.778322817037133,0.7189389670414855,0.8115063479913547,0.7112164466245235,True,0.7827969811884403,True,0.6361505751274045,0.07075295656527043,-0.565397618562134,True,-0.21539761856213407,True,False,-0.21539761856213407,True,False,-340.51194142103196,True,True,True
heldout_hide_reveal_03_005,heldout,hide_reveal,3085,14,10,18,0.8204220273957261,0.7595069910398153,0.6922121341370238,0.8205719466285902,0.790831329586674,True,0.7766222037206757,True,0.6363406330248684,0.07083931404275548,-0.565501318982113,True,-0.21550131898211303,True,False,-0.21550131898211303,True,False,-340.36507748365403,True,True,True
heldout_hide_reveal_03_006,heldout,hide_reveal,3102,14,10,18,0.8817067737018155,0.8260243886205055,0.7536168713094421,0.9064219560728657,0.7061753705141043,True,0.8295580931084523,True,0.6374471257692347,0.07079347760443357,-0.5666536481648011,True,-0.2166536481648011,True,False,-0.2166536481648011,True,False,-340.4078879237175,True,True,True
heldout_hide_reveal_03_007,heldout,hide_reveal,3119,14,10,18,0.8359313450251261,0.769529559248217,0.6335688929699131,0.9252140348829168,0.7908494891918143,True,0.7922067605580834,True,0.6373464102492147,0.07070666365665554,-0.5666397465925591,True,-0.21663974659255916,True,False,-0.21663974659255916,True,False,-342.0484537959099,True,True,True
heldout_boundary_occlusion_03_000,heldout,boundary_occlusion,3101,14,10,18,0.8350316382276136,0.8337910262238736,0.6719205006132417,0.8444113467659721,0.7262467718263816,True,0.7930967127713527,True,0.6370284153202957,0.07069464008373716,-0.5663337752365586,True,-0.2163337752365586,True,False,-0.2163337752365586,True,False,-340.5660719752312,True,True,True
heldout_boundary_occlusion_03_001,heldout,boundary_occlusion,3118,14,10,18,0.8272392552026815,0.71732349031216,0.5905488302640793,0.9261071927594191,0.7390367784322968,True,0.7633755688266398,True,0.6356801226056283,0.07059186686551518,-0.5650882557401131,True,-0.21508825574011325,True,False,-0.21508825574011325,True,False,-342.32708595991136,True,True,True
heldout_boundary_occlusion_03_002,heldout,boundary_occlusion,3135,14,10,18,0.796603120342626,0.8562191238583341,0.7421631072504026,0.8133920313545897,0.7435166966887841,True,0.7986682584401168,True,0.6371614210183796,0.07073244668362198,-0.5664289743347576,True,-0.2164289743347576,True,False,-0.2164289743347576,True,False,-339.5791764140129,True,True,True
heldout_boundary_occlusion_03_003,heldout,boundary_occlusion,3152,14,10,18,0.9069760399775381,0.7940817439594653,0.725448151740285,0.8082991913858802,0.7074471489181747,True,0.8027586295013014,True,0.635483880947744,0.07081798511214471,-0.5646658958355992,True,-0.2146658958355993,True,False,-0.2146658958355993,True,False,-338.7838826060295,True,True,True
heldout_boundary_occlusion_03_004,heldout,boundary_occlusion,3169,14,10,18,0.7737779332038651,0.7307589008493027,0.7124695856559532,0.8262810380771063,0.7185286207264002,True,0.7557371953325438,True,0.6365824116895866,0.07080677349142128,-0.5657756381981653,True,-0.2157756381981653,True,False,-0.2157756381981653,True,False,-342.0812144160271,True,True,True
heldout_boundary_occlusion_03_005,heldout,boundary_occlusion,3186,14,10,18,0.7327619334245777,0.7409030750289332,0.8016837345382974,0.856850717865526,0.6492951356751734,True,0.7650526561616597,True,0.637777216388572,0.07092071914027619,-0.5668564972482958,True,-0.2168564972482958,True,False,-0.2168564972482958,True,False,-340.6575951457024,True,True,True
heldout_boundary_occlusion_03_006,heldout,boundary_occlusion,3203,14,10,18,0.8657742338876865,0.8269577491345665,0.6643396900362669,0.8866736106020883,0.8028602670381341,True,0.8136716825870478,True,0.6377292692842188,0.07084622611304406,-0.5668830431711748,True,-0.21688304317117477,True,False,-0.21688304317117477,True,False,-339.860703933239,True,True,True
heldout_boundary_occlusion_03_007,heldout,boundary_occlusion,3220,14,10,18,0.8748361632582927,0.8548498705649055,0.6880802650537786,0.7987872305147957,0.7125009711769026,True,0.8010451046872047,True,0.6411715536294298,0.07069874097194867,-0.5704728126574812,True,-0.2204728126574812,True,False,-0.2204728126574812,True,False,-343.1484894633293,True,True,True
heldout_identity_confuser_03_000,heldout,identity_confuser,3202,14,10,18,0.784374192899,0.8322111961495583,0.734392498149457,0.8980783778415795,0.7290989590927351,True,0.8035504183696205,True,0.6389540644389335,0.07076018577148016,-0.5681938786674534,True,-0.21819387866745335,True,False,-0.21819387866745335,True,False,-342.3039116740227,True,True,True
heldout_identity_confuser_03_001,heldout,identity_confuser,3219,14,10,18,0.7429233468986833,0.7820375814294821,0.7248404515669055,0.8570894766289581,0.7254394611224356,True,0.7701701638334577,True,0.6361690426181394,0.07068028814280514,-0.5654887544753343,True,-0.21548875447533428,True,False,-0.21548875447533428,True,False,-339.7992901682854,True,True,True
heldout_identity_confuser_03_002,heldout,identity_confuser,3236,14,10,18,0.766095954583813,0.8270740223985957,0.6657407087684152,0.8091244722262688,0.7062736338062119,True,0.7638928938251601,True,0.6382863958658811,0.07091461263308943,-0.5673717832327917,True,-0.21737178323279174,True,False,-0.21737178323279174,True,False,-339.3528294444084,True,True,True
heldout_identity_confuser_03_003,heldout,identity_confuser,3253,14,10,18,0.8003036162903489,0.7145123506568649,0.7232664919038456,0.881011093516034,0.7629845262796302,True,0.7758579614487424,True,0.6335980610242322,0.07068560748811346,-0.5629124535361187,True,-0.21291245353611876,True,False,-0.21291245353611876,True,False,-339.0731072306633,True,True,True
heldout_identity_confuser_03_004,heldout,identity_confuser,3270,14,10,18,0.8447218796071884,0.7731678025840275,0.6306753621240844,0.8842604561260261,0.6681747591076728,True,0.7742770601085934,True,0.6344087292066792,0.07094098090020959,-0.5634677483064696,True,-0.21346774830646967,True,False,-0.21346774830646967,True,False,-338.6709074854851,True,True,True
heldout_identity_confuser_03_005,heldout,identity_confuser,3287,14,10,18,0.7856843441954019,0.7854620309452314,0.8215582386094404,0.8768750884214997,0.7373618157028495,True,0.8062094407616314,True,0.6376193120455542,0.07080224903201246,-0.5668170630135417,True,-0.21681706301354173,True,False,-0.21681706301354173,True,False,-339.22676609754564,True,True,True
heldout_identity_confuser_03_006,heldout,identity_confuser,3304,14,10,18,0.8881169915454759,0.7257639975983301,0.700699371917782,0.8370310851894999,0.6440007732386333,True,0.7754164160312713,True,0.634507529019285,0.07078408194847062,-0.5637234470708143,True,-0.2137234470708143,True,False,-0.2137234470708143,True,False,-338.16762779951097,True,True,True
heldout_identity_confuser_03_007,heldout,identity_confuser,3321,14,10,18,0.81071332777826,0.8000293737970182,0.724704680192145,0.871608951202565,0.7003142199645169,True,0.7919798236692133,True,0.6389508982669289,0.0706058960813546,-0.5683450021855743,True,-0.2183450021855743,True,False,-0.2183450021855743,True,False,-343.8798699259758,True,True,True
heldout_normal_motion_03_000,heldout,normal_motion,3303,14,10,18,0.301956877855698,0.2167421545827605,0.20398419438896717,0.1378159531032467,0.2221775343651493,False,0.22025254104457234,False,0.0,0.3929283380248116,0.3929283380248116,False,0.1729283380248116,False,False,0.1729283380248116,False,False,140.53055556535722,False,False,False
heldout_normal_motion_03_001,heldout,normal_motion,3320,14,10,18,0.23557610272744484,0.16447584848546545,0.17218584811624008,0.019990924875325097,0.1986221475828333,False,0.15831055715982395,False,0.0,0.3930027671325375,0.3930027671325375,False,0.17300276713253754,False,False,0.17300276713253754,False,False,140.05588515520097,False,False,False
heldout_normal_motion_03_002,heldout,normal_motion,3337,14,10,18,0.2722774466586323,0.17400677127505113,0.17654358054120967,0.1167519085841203,0.23156076314221272,False,0.19338622862270816,False,0.0,0.39323063757581495,0.39323063757581495,False,0.17323063757581497,False,False,0.17323063757581497,False,False,140.22325881242753,False,False,False
heldout_normal_motion_03_003,heldout,normal_motion,3354,14,10,18,0.2698902937665245,0.15795031171987536,0.23408510188579534,0.14701661385757614,0.1329277395662269,False,0.19647326847689695,False,0.0,0.3932801830016171,0.3932801830016171,False,0.17328018300161713,False,False,0.17328018300161713,False,False,141.30706008195878,False,False,False
heldout_normal_motion_03_004,heldout,normal_motion,3371,14,10,18,0.18364853674421516,0.10827298469830643,0.17978615147959862,0.10632993542499435,0.22609739590632547,False,0.15281333733218155,False,0.0,0.3922612959141932,0.3922612959141932,False,0.1722612959141932,False,False,0.1722612959141932,False,False,139.47951491594316,False,False,False
heldout_normal_motion_03_005,heldout,normal_motion,3388,14,10,18,0.21836611533051725,0.19596015209662593,0.2040001688968962,0.06991521329387629,0.13448383089145516,False,0.1718130263840858,False,0.0,0.3942751958151888,0.3942751958151888,False,0.1742751958151888,False,False,0.1742751958151888,False,False,141.51015456438066,False,False,False
heldout_normal_motion_03_006,heldout,normal_motion,3405,14,10,18,0.28478857262401847,0.09836585005033592,0.22405163260609687,0.10493068516362791,0.16207730700771664,False,0.17779279992330524,False,0.0,0.3918970063574481,0.3918970063574481,False,0.17189700635744815,False,False,0.17189700635744815,False,False,139.5905378651619,False,False,False
heldout_normal_motion_03_007,heldout,normal_motion,3422,14,10,18,0.2451209870368204,0.17942214361647116,0.24146043195577432,0.09047681433312076,0.14640667593989226,False,0.18716389951509113,False,0.0,0.39329311726124316,0.39329311726124316,False,0.17329311726124316,False,False,0.17329311726124316,False,False,140.41388686418534,False,False,False
heldout_distractor_motion_03_000,heldout,distractor_motion,3404,14,10,18,0.4461880466327171,0.3799541993195635,0.5144612144839837,0.2402107589188348,0.40075014054750757,False,0.39754497022338464,False,0.0,0.39585072891249545,0.39585072891249545,False,0.17585072891249545,False,False,0.17585072891249545,False,False,144.14847548723222,False,False,False
heldout_distractor_motion_03_001,heldout,distractor_motion,3421,14,10,18,0.3672456942134323,0.356150503568418,0.4725909948203603,0.17190130022962935,0.33341941593244995,False,0.3430894500487055,False,0.0,0.39362465014282294,0.39362465014282294,False,0.1736246501428229,False,False,0.1736246501428229,False,False,141.05063613176347,False,False,False
heldout_distractor_motion_03_002,heldout,distractor_motion,3438,14,10,18,0.44269744633412866,0.26188773274173144,0.42394899984922163,0.19105699726919612,0.33112660306185127,False,0.3322601544988337,False,0.0,0.39357597958573926,0.39357597958573926,False,0.17357597958573928,False,False,0.17357597958573928,False,False,141.90201552629472,False,False,False
heldout_distractor_motion_03_003,heldout,distractor_motion,3455,14,10,18,0.5127694964381562,0.4017913464471947,0.4555542620460312,0.27966477575382914,0.5035298390249779,False,0.42603700218380763,False,0.0,0.3948799436139923,0.3948799436139923,False,0.17487994361399228,False,False,0.17487994361399228,False,False,142.71616347551347,False,False,False
heldout_distractor_motion_03_004,heldout,distractor_motion,3472,14,10,18,0.4714698258290463,0.40578749853944357,0.48520027570236385,0.25035280506978513,0.3940588827091428,False,0.4058308355174665,False,0.0,0.3964940155250035,0.3964940155250035,False,0.17649401552500354,False,False,0.17649401552500354,False,False,144.01003249406816,False,False,False
heldout_distractor_motion_03_005,heldout,distractor_motion,3489,14,10,18,0.49040390488606167,0.37924000573032024,0.5150210045572478,0.26028789570147204,0.42243585126111216,False,0.41471634283195064,False,0.0,0.3953148280656173,0.3953148280656173,False,0.1753148280656173,False,False,0.1753148280656173,False,False,143.02233107805253,False,False,False
heldout_distractor_motion_03_006,heldout,distractor_motion,3506,14,10,18,0.4587744857024602,0.35557767341783697,0.4417488834473545,0.19051766815260668,0.3356903906048641,False,0.36361038916055294,False,0.0,0.3951440916800038,0.3951440916800038,False,0.17514409168000383,False,False,0.17514409168000383,False,False,143.27365859270097,False,False,False
heldout_distractor_motion_03_007,heldout,distractor_motion,3523,14,10,18,0.4435138205888518,0.38377209853516925,0.5236587533095136,0.1710587218360815,0.41952745916543194,False,0.3877177207266675,False,0.0,0.3931151816870053,0.3931151816870053,False,0.17311518168700535,False,False,0.17311518168700535,False,False,140.87534316301347,False,False,False
calibration_hide_reveal_04_000,calibration,hide_reveal,4000,14,10,18,0.8965396417903968,0.8241322109498415,0.7812308158541484,0.8699201826229384,0.7307674825857143,True,0.8334749111390485,True,0.6370009796706171,0.07075118468128024,-0.5662497949893368,True,-0.21624979498933694,True,False,-0.21624979498933694,True,False,-343.2214226603508,True,True,True
calibration_hide_reveal_04_001,calibration,hide_reveal,4017,14,10,18,0.8229860260039863,0.8074461843166741,0.7313921935593002,0.8699269705771723,0.6595420066250985,True,0.7938260860699695,True,0.6373474513184036,0.07094258773935316,-0.5664048635790505,True,-0.2164048635790505,True,False,-0.2164048635790505,True,False,-342.03394840955735,True,True,True
calibration_hide_reveal_04_002,calibration,hide_reveal,4034,14,10,18,0.8191475100335986,0.8213764716291829,0.7375470213793622,0.7689578192597022,0.642482281118801,True,0.7756801916553885,True,0.637932731110683,0.07091703276825509,-0.5670156983424279,True,-0.21701569834242793,True,False,-0.21701569834242793,True,False,-341.6835389018059,True,True,True
calibration_hide_reveal_04_003,calibration,hide_reveal,4051,14,10,18,0.6908956954676353,0.8428170379976513,0.667978886755439,0.8527591924708072,0.6775686507785504,True,0.755332664289426,True,0.6351050264703146,0.071067384786335,-0.5640376416839796,True,-0.2140376416839797,True,False,-0.2140376416839797,True,False,-339.9243607401848,True,True,True
calibration_hide_reveal_04_004,calibration,hide_reveal,4068,14,10,18,0.7840883509417161,0.7175025491503542,0.7701834996248408,0.8510355607525937,0.7183062008212627,True,0.7714721571806308,True,0.636826914894381,0.07118785495749692,-0.5656390599368841,True,-0.2156390599368841,True,False,-0.2156390599368841,True,False,-341.63644169569017,True,True,True
calibration_hide_reveal_04_005,calibration,hide_reveal,4085,14,10,18,0.8295335482257371,0.7934866521029802,0.7705504060688959,0.8739254253538987,0.7245684672094996,True,0.8071070630876882,True,0.638371439530094,0.07104110097966362,-0.5673303385504304,True,-0.2173303385504304,True,False,-0.2173303385504304,True,False,-340.13301228284837,True,True,True
calibration_hide_reveal_04_006,calibration,hide_reveal,4102,14,10,18,0.8107249208017163,0.6983485104747786,0.6970676311827122,0.9011759369127599,0.632211289886738,True,0.760138200426892,True,0.6374139840405633,0.07090792403916549,-0.5665060600013978,True,-0.21650606000139774,True,False,-0.21650606000139774,True,False,-342.4353756785393,True,True,True
calibration_hide_reveal_04_007,calibration,hide_reveal,4119,14,10,18,0.8280554925357927,0.8346600368367524,0.6407182614909339,0.7661700437590401,0.5824736623543093,True,0.755303909628562,True,0.6363507176212645,0.07087872834991285,-0.5654719892713517,True,-0.21547198927135167,True,False,-0.21547198927135167,True,False,-341.4292740702629,True,True,True
calibration_boundary_occlusion_04_000,calibration,boundary_occlusion,4101,14,10,18,0.8532747437117496,0.7807407037624298,0.7430177021521839,0.8713949520317671,0.6550374001835456,True,0.7968901327236896,True,0.6379626087522154,0.07079406324339119,-0.5671685455088242,True,-0.21716854550882422,True,False,-0.21716854550882422,True,False,-342.7025780558586,True,True,True
calibration_boundary_occlusion_04_001,calibration,boundary_occlusion,4118,14,10,18,0.7224791085160105,0.7535817600896362,0.7109172623144631,0.9047580837680972,0.6187329540940802,True,0.7540235817773318,True,0.6369684255647017,0.07080000126471726,-0.5661684242999844,True,-0.2161684242999844,True,False,-0.2161684242999844,True,False,-340.9138111948967,True,True,True
calibration_boundary_occlusion_04_002,calibration,boundary_occlusion,4135,14,10,18,0.8863496413428368,0.7981870113169194,0.7373264055339516,0.8869185622468403,0.7474589553596638,True,0.8207290522570638,True,0.636400740828142,0.07072526169391465,-0.5656754791342273,True,-0.2156754791342274,True,False,-0.2156754791342274,True,False,-341.13097046613694,True,True,True
calibration_boundary_occlusion_04_003,calibration,boundary_occlusion,4152,14,10,18,0.865492903637652,0.7335451252876128,0.750404731926815,0.8505278230335982,0.7023962679198413,True,0.790185645015383,True,0.6352084954714734,0.07089789324251397,-0.5643106022289595,True,-0.21431060222895945,True,False,-0.21431060222895945,True,False,-340.81100605726243,True,True,True
calibration_boundary_occlusion_04_004,calibration,boundary_occlusion,4169,14,10,18,0.8530702734027334,0.7518934764531534,0.7093641072244119,0.8037579628812915,0.7582727187319961,True,0.7796926233583121,True,0.6373003858370974,0.07042834712815507,-0.5668720387089423,True,-0.21687203870894237,True,False,-0.21687203870894237,True,False,-343.9948716044426,True,True,True
calibration_boundary_occlusion_04_005,calibration,boundary_occlusion,4186,14,10,18,0.813520967154949,0.7503828053830832,0.7075799926321829,0.9156522300591088,0.7613266108968184,True,0.7917550487624482,True,0.638034900958343,0.07068335243428257,-0.5673515485240604,True,-0.21735154852406047,True,False,-0.21735154852406047,True,False,-340.9900116801262,True,True,True
calibration_boundary_occlusion_04_006,calibration,boundary_occlusion,4203,14,10,18,0.8862232086848225,0.8339088322280419,0.6252030437266631,0.862649277905235,0.6715392359915676,True,0.7947573981537526,True,0.6347395693441358,0.0709123931746399,-0.5638271761694958,True,-0.2138271761694959,True,False,-0.2138271761694959,True,False,-339.93664025068284,True,True,True
calibration_boundary_occlusion_04_007,calibration,boundary_occlusion,4220,14,10,18,0.8488553022265415,0.762934067766447,0.729010237603894,0.856780699585694,0.7339901868352309,True,0.7935045486196879,True,0.6354356332753544,0.07066717877575444,-0.5647684544995999,True,-0.21476845449959986,True,False,-0.21476845449959986,True,False,-340.55689095258714,True,True,True
calibration_identity_confuser_04_000,calibration,identity_confuser,4202,14,10,18,0.8472170025354794,0.8039928958149875,0.6234024210845482,0.7935214780867486,0.7021567545476386,True,0.7664029298766399,True,0.6368888846452212,0.0709835833988805,-0.5659053012463406,True,-0.21590530124634072,True,False,-0.21590530124634072,True,False,-339.48667286634446,True,True,True
calibration_identity_confuser_04_001,calibration,identity_confuser,4219,14,10,18,0.8723500694237798,0.7995112072262438,0.6971068864902588,0.8734355717677253,0.7544127858359305,True,0.8075150893976958,True,0.6372529139846391,0.07096497396692618,-0.566287940017713,True,-0.21628794001771295,True,False,-0.21628794001771295,True,False,-339.95770119428636,True,True,True
calibration_identity_confuser_04_002,calibration,identity_confuser,4236,14,10,18,0.8218148556835839,0.7223180756703569,0.6912203606685249,0.8539331257410546,0.6988415883777709,True,0.7649480889581783,True,0.6357914583916248,0.07108126262541972,-0.5647101957662051,True,-0.21471019576620506,True,False,-0.21471019576620506,True,False,-340.48465012311937,True,True,True
calibration_identity_confuser_04_003,calibration,identity_confuser,4253,14,10,18,0.8320288172768027,0.810379696064433,0.6521324609558126,0.9246851431933834,0.6642712687654136,True,0.7923927760416896,True,0.6362997222214738,0.07072390590490372,-0.5655758163165701,True,-0.21557581631657008,True,False,-0.21557581631657008,True,False,-341.00758789777757,True,True,True
calibration_identity_confuser_04_004,calibration,identity_confuser,4270,14,10,18,0.8001179324879871,0.8106685115740022,0.6522840053494505,0.8502427235000244,0.8178449951775627,True,0.7849864563031486,True,0.6350074796371857,0.07083217394152291,-0.5641753056956629,True,-0.21417530569566284,True,False,-0.21417530569566284,True,False,-341.7380938410759,True,True,True
calibration_identity_confuser_04_005,calibration,identity_confuser,4287,14,10,18,0.8883252520161,0.7513432573085728,0.6710133739579612,0.9052235062816272,0.7645477062642145,True,0.8016192740055074,True,0.636804372100632,0.07062927197674063,-0.5661751001238914,True,-0.21617510012389146,True,False,-0.21617510012389146,True,False,-340.64624069929124,True,True,True
calibration_identity_confuser_04_006,calibration,identity_confuser,4304,14,10,18,0.8355693746529642,0.7649980376831725,0.6848379043960591,0.845487711139947,0.6994053504052906,True,0.7761475112317645,True,0.6363284707164091,0.07101091850186303,-0.565317552214546,True,-0.21531755221454607,True,False,-0.21531755221454607,True,False,-339.8629841685295,True,True,True
calibration_identity_confuser_04_007,calibration,identity_confuser,4321,14,10,18,0.8318082620209019,0.7606531363844066,0.7400633799312686,0.8734216343000633,0.8092027938233612,True,0.8017326318299297,True,0.6374963099593577,0.07093148549384395,-0.5665648244655137,True,-0.21656482446551376,True,False,-0.21656482446551376,True,False,-341.1271605372429,True,True,True
calibration_normal_motion_04_000,calibration,normal_motion,4303,14,10,18,0.2733777798282584,0.22210905028602604,0.23664907553229203,0.16389825531224989,0.1230644762271279,False,0.2162876213201923,False,0.0,0.39207944755677654,0.39207944755677654,False,0.17207944755677654,False,False,0.17207944755677654,False,False,139.14231093645097,False,False,False
calibration_normal_motion_04_001,calibration,normal_motion,4320,14,10,18,0.2561495827968045,0.18466724762880604,0.21364211269970237,0.0746757523019335,0.21882709877840384,False,0.1897504904845702,False,0.0,0.39273218748846206,0.39273218748846206,False,0.17273218748846206,False,False,0.17273218748846206,False,False,140.17462905168534,False,False,False
calibration_normal_motion_04_002,calibration,normal_motion,4337,14,10,18,0.19355058586300683,0.16109423019022892,0.17629811386590793,0.061203128624113645,0.23316825331995877,False,0.15947827784330915,False,0.0,0.39277916812732394,0.39277916812732394,False,0.17277916812732397,False,False,0.17277916812732397,False,False,140.45902236223222,False,False,False
calibration_normal_motion_04_003,calibration,normal_motion,4354,14,10,18,0.17590304801988565,0.12816845465721682,0.1698596322014681,0.10717832280178258,0.19622956872057867,False,0.15104842354198364,False,0.0,0.3917951868104484,0.3917951868104484,False,0.17179518681044836,False,False,0.17179518681044836,False,False,138.34262831926347,False,False,False
calibration_normal_motion_04_004,calibration,normal_motion,4371,14,10,18,0.19660932110769447,0.16912874111074858,0.26378262442060935,0.08912948942312056,0.11593863205295771,False,0.17361080152865252,False,0.0,0.39368054679870595,0.39368054679870595,False,0.17368054679870593,False,False,0.17368054679870593,False,False,139.7511823964119,False,False,False
calibration_normal_motion_04_005,calibration,normal_motion,4388,14,10,18,0.24274911541818392,0.0,0.2502324256897948,0.05584548364805939,0.13346521565738928,False,0.13524938228785577,False,0.0,0.3923307162719727,0.3923307162719727,False,0.1723307162719727,False,False,0.1723307162719727,False,False,140.2414625477791,False,False,False
calibration_normal_motion_04_006,calibration,normal_motion,4405,14,10,18,0.20850544906644242,0.10690991261953328,0.20040505510924547,0.134557219857193,0.1620695120444216,False,0.1620532466192238,False,0.0,0.3947653541702928,0.3947653541702928,False,0.17476535417029282,False,False,0.17476535417029282,False,False,141.76865370988847,False,False,False
calibration_normal_motion_04_007,calibration,normal_motion,4422,14,10,18,0.230982885670752,0.16695366489911612,0.2018017363229997,0.08540728907998839,0.1338592425498827,False,0.17031186697805292,False,0.0,0.39330594531403873,0.39330594531403873,False,0.17330594531403873,False,False,0.17330594531403873,False,False,140.65703566789628,False,False,False
calibration_distractor_motion_04_000,calibration,distractor_motion,4404,14,10,18,0.4727905676560205,0.4885372709317816,0.5053169122865617,0.22541856804197583,0.31340200180898836,False,0.4178192558935569,False,0.0,0.3945713268759848,0.3945713268759848,False,0.1745713268759848,False,False,0.1745713268759848,False,False,142.10485060930253,False,False,False
calibration_distractor_motion_04_001,calibration,distractor_motion,4421,14,10,18,0.4221168992950653,0.34145727802571924,0.4405299758069354,0.17748531536376252,0.3559716724407879,False,0.3500937698084145,False,0.0,0.39506478918929416,0.39506478918929416,False,0.17506478918929413,False,False,0.17506478918929413,False,False,142.71378310441972,False,False,False
calibration_distractor_motion_04_002,calibration,distractor_motion,4438,14,10,18,0.4221335292031727,0.3767629184338627,0.4617292660373352,0.1444670767603762,0.31545711965923284,False,0.3525090924347244,False,0.0,0.39456224970022474,0.39456224970022474,False,0.17456224970022477,False,False,0.17456224970022477,False,False,142.3234937977791,False,False,False
calibration_distractor_motion_04_003,calibration,distractor_motion,4455,14,10,18,0.4459963852942653,0.3913765721834302,0.42113449700963806,0.11352971527377703,0.3657768211755779,False,0.35285376394366474,False,0.0,0.3933605292216767,0.3933605292216767,False,0.17336052922167666,False,False,0.17336052922167666,False,False,141.1793287587166,False,False,False
calibration_distractor_motion_04_004,calibration,distractor_motion,4472,14,10,18,0.43715522760707465,0.4216399535382024,0.4872421955351797,0.21388628267778478,0.26702447462601764,False,0.3816269383915139,False,0.0,0.3961197277913593,0.3961197277913593,False,0.17611972779135932,False,False,0.17611972779135932,False,False,144.13205703020097,False,False,False
calibration_distractor_motion_04_005,calibration,distractor_motion,4489,14,10,18,0.5220473057812475,0.3301491385733126,0.5751575867757562,0.22888436663653988,0.3880455708534659,False,0.4126620588564458,False,0.0,0.3942416974257586,0.3942416974257586,False,0.1742416974257586,False,False,0.1742416974257586,False,False,142.04189284563066,False,False,False
calibration_distractor_motion_04_006,calibration,distractor_motion,4506,14,10,18,0.48648191469106045,0.31991697461036933,0.4769424951997287,0.20843865167432665,0.35915397352997425,False,0.37459134905316593,False,0.0,0.39244081321134466,0.39244081321134466,False,0.1724408132113447,False,False,0.1724408132113447,False,False,141.1678083729744,False,False,False
calibration_distractor_motion_04_007,calibration,distractor_motion,4523,14,10,18,0.47315471217551597,0.32950406541397836,0.49693211345315264,0.22598375331461912,0.37159043647037404,False,0.3824069113979654,False,0.0,0.3938310363523328,0.3938310363523328,False,0.17383103635233282,False,False,0.17383103635233282,False,False,141.99066909074784,False,False,False
heldout_hide_reveal_05_000,heldout,hide_reveal,5000,14,10,18,0.826452146035286,0.7651538096685908,0.7305174531809929,0.9007349996813798,0.696951276212086,True,0.7938471071196522,True,0.6389717193112985,0.07077136744349574,-0.5682003518678027,True,-0.21820035186780282,True,False,-0.21820035186780282,True,False,-340.6448378443718,True,True,True
heldout_hide_reveal_05_001,heldout,hide_reveal,5017,14,10,18,0.8501064111540915,0.8177743081482429,0.7173723988880064,0.935089617937759,0.6858537066643653,True,0.8160479538571732,True,0.6378340366694506,0.07096063713815956,-0.566873399531291,True,-0.21687339953129106,True,False,-0.21687339953129106,True,False,-339.57234810590745,True,True,True
heldout_hide_reveal_05_002,heldout,hide_reveal,5034,14,10,18,0.8350851965039665,0.8136362369339931,0.7428697458280985,0.8579916400749021,0.7367371513234636,True,0.8060263506724363,True,0.635809330874952,0.07095664736766528,-0.5648526835072867,True,-0.21485268350728676,True,False,-0.21485268350728676,True,False,-339.83785675764085,True,True,True
heldout_hide_reveal_05_003,heldout,hide_reveal,5051,14,10,18,0.8058120316088926,0.7624491458690204,0.6648234880374353,0.873714062064357,0.711554808715123,True,0.770928285261349,True,0.6376061482956571,0.07077373015061968,-0.5668324181450374,True,-0.21683241814503745,True,False,-0.21683241814503745,True,False,-340.0750088572502,True,True,True
heldout_hide_reveal_05_004,heldout,hide_reveal,5068,14,10,18,0.7983244349199587,0.7489374555833547,0.7505235500071284,0.9292553783597959,0.6516724242074027,True,0.7879385007199534,True,0.6372193376960199,0.07093948193036424,-0.5662798557656556,True,-0.21627985576565567,True,False,-0.21627985576565567,True,False,-338.292230117321,True,True,True
heldout_hide_reveal_05_005,heldout,hide_reveal,5085,14,10,18,0.7884152094883558,0.757234546594404,0.8263303647591573,0.889828628342519,0.6898621490941446,True,0.7986304525504396,True,0.6358919695117554,0.07086251127199387,-0.5650294582397616,True,-0.21502945823976155,True,False,-0.21502945823976155,True,False,-340.88053559064866,True,True,True
heldout_hide_reveal_05_006,heldout,hide_reveal,5102,14,10,18,0.7713251565166417,0.7920442402504005,0.6362069794139075,0.8688734049851398,0.7452138787790702,True,0.7663798139494771,True,0.6356984190271766,0.0708881056777898,-0.5648103133493868,True,-0.21481031334938677,True,False,-0.21481031334938677,True,False,-338.9620938181877,True,True,True
heldout_hide_reveal_05_007,heldout,hide_reveal,5119,14,10,18,0.8022238673163768,0.78649236286909,0.6465952014696208,0.8967111592504912,0.6711883956413459,True,0.7729591692545237,True,0.6366910275807347,0.07092951824142175,-0.5657615093393129,True,-0.21576150933931298,True,False,-0.21576150933931298,True,False,-341.2374758601189,True,True,True
heldout_boundary_occlusion_05_000,heldout,boundary_occlusion,5101,14,10,18,0.7723217320412231,0.8180317097574423,0.7139454718085363,0.9210129936362331,0.6813273154772052,True,0.7927127850863408,True,0.6366266962569289,0.07076340626224384,-0.565863289994685,True,-0.2158632899946851,True,False,-0.2158632899946851,True,False,-339.4349570155144,True,True,True
heldout_boundary_occlusion_05_001,heldout,boundary_occlusion,5118,14,10,18,0.805059559429847,0.797190875354398,0.6175207105442253,0.7762943336136187,0.6833441564702692,True,0.7476600331746569,True,0.6385472621465125,0.07077828320214251,-0.56776897894437,True,-0.21776897894437003,True,False,-0.21776897894437003,True,False,-342.6130871653557,True,True,True
heldout_boundary_occlusion_05_002,heldout,boundary_occlusion,5135,14,10,18,0.8601888783857573,0.7722449429190874,0.6971985816712823,0.848251902109805,0.7289755835779617,True,0.7900961104402249,True,0.6363609404310842,0.07078329227294262,-0.5655776481581415,True,-0.21557764815814162,True,False,-0.21557764815814162,True,False,-340.1842026591301,True,True,True
heldout_boundary_occlusion_05_003,heldout,boundary_occlusion,5152,14,10,18,0.843547850264804,0.7798296849494817,0.6301889159436943,0.8984076322667357,0.6824082792250068,True,0.779804521368158,True,0.638660598359891,0.07070987798940812,-0.5679507203704829,True,-0.21795072037048288,True,False,-0.21795072037048288,True,False,-342.5597653269768,True,True,True
heldout_boundary_occlusion_05_004,heldout,boundary_occlusion,5169,14,10,18,0.9682517718520933,0.7833973983714478,0.706669965563685,0.8863869112195522,0.7680589305423949,True,0.8333295609667721,True,0.6387152725934866,0.07067260966562511,-0.5680426629278614,True,-0.21804266292786156,True,False,-0.21804266292786156,True,False,-342.67313050031663,True,True,True
heldout_boundary_occlusion_05_005,heldout,boundary_occlusion,5186,14,10,18,0.773259112628305,0.803903980342764,0.6986492535560562,0.8423905115752742,0.7327665830908169,True,0.7757753845781151,True,0.6392902325592791,0.07063381019466586,-0.5686564223646132,True,-0.2186564223646133,True,False,-0.2186564223646133,True,False,-343.9864888072014,True,True,True
heldout_boundary_occlusion_05_006,heldout,boundary_occlusion,5203,14,10,18,0.784203055945574,0.8198534923975587,0.6333361386686034,0.8144006956166576,0.7793172704948833,True,0.7684932309923237,True,0.6416065787133269,0.07069511794452411,-0.5709114607688028,True,-0.2209114607688028,True,False,-0.2209114607688028,True,False,-343.6853947520256,True,True,True
heldout_boundary_occlusion_05_007,heldout,boundary_occlusion,5220,14,10,18,0.7593226600243215,0.8342016228374468,0.6829998269530658,0.8755489358001638,0.7682868990102452,True,0.7869195131671125,True,0.638065058116529,0.07076600392402746,-0.5672990541925016,True,-0.21729905419250164,True,False,-0.21729905419250164,True,False,-343.14095638990403,True,True,True
heldout_identity_confuser_05_000,heldout,identity_confuser,5202,14,10,18,0.7430405601011839,0.7461294360222502,0.6773078852716814,0.8159561456489701,0.7375356059344524,True,0.7446988658084341,True,0.6396711517385985,0.07098959497940657,-0.5686815567591919,True,-0.21868155675919196,True,False,-0.21868155675919196,True,False,-340.1210274577141,True,True,True
heldout_identity_confuser_05_001,heldout,identity_confuser,5219,14,10,18,0.8148263795830218,0.7594025717962665,0.7475754276206471,0.775525948004798,0.7759689548031902,True,0.7757744084502302,True,0.636919814608389,0.07072232245887264,-0.5661974921495163,True,-0.21619749214951636,True,False,-0.21619749214951636,True,False,-340.6738724589348,True,True,True
heldout_identity_confuser_05_002,heldout,identity_confuser,5236,14,10,18,0.881798822774718,0.8162020972023959,0.6573617010307897,0.9747048698825398,0.6401263801274027,True,0.8149261821896847,True,0.6342840440652261,0.07098372878859116,-0.5633003152766349,True,-0.21330031527663496,True,False,-0.21330031527663496,True,False,-337.9175772547722,True,True,True
heldout_identity_confuser_05_003,heldout,identity_confuser,5253,14,10,18,0.8249049962671315,0.794057602268771,0.7603015766563547,0.918706838391305,0.6913195802054168,True,0.8096742906640493,True,0.6367543503397272,0.07068628815471334,-0.5660680621850138,True,-0.21606806218501384,True,False,-0.21606806218501384,True,False,-343.271236884594,True,True,True
heldout_identity_confuser_05_004,heldout,identity_confuser,5270,14,10,18,0.7836990064564476,0.8979924482943986,0.6835414845176779,0.8886355618621357,0.6655973781890079,True,0.801418010782575,True,0.6349973961935784,0.07094484727981283,-0.5640525489137656,True,-0.21405254891376563,True,False,-0.21405254891376563,True,False,-340.21655319929124,True,True,True
heldout_identity_confuser_05_005,heldout,identity_confuser,5287,14,10,18,0.8139721770506266,0.6715977110391415,0.7242085861771999,0.8509379663724607,0.7395636596586808,True,0.7603781484982423,True,0.6385562234991216,0.07070785213047896,-0.5678483713686426,True,-0.2178483713686426,True,False,-0.2178483713686426,True,False,-343.82101105451585,True,True,True
heldout_identity_confuser_05_006,heldout,identity_confuser,5304,14,10,18,0.8857096778236037,0.7686829928595968,0.7366567817149307,0.8309644780054288,0.6692736273613661,True,0.7940497823510086,True,0.6392628413223586,0.07083471482094383,-0.5684281265014147,True,-0.21842812650141474,True,False,-0.21842812650141474,True,False,-341.47999809980394,True,True,True
heldout_identity_confuser_05_007,heldout,identity_confuser,5321,14,10,18,0.8958695022493874,0.7766220969867731,0.7155798598884843,0.9077583859306005,0.7584284754510705,True,0.8186333965179642,True,0.6378773881073327,0.07070466642611636,-0.5671727216812164,True,-0.2171727216812164,True,False,-0.2171727216812164,True,False,-341.60049294233323,True,True,True
heldout_normal_motion_05_000,heldout,normal_motion,5303,14,10,18,0.24517277291302772,0.23231052208603006,0.21211704032544698,0.12567751732644233,0.16818683266264034,False,0.20374841854640638,False,0.0,0.392995209650386,0.392995209650386,False,0.172995209650386,False,False,0.172995209650386,False,False,140.2732771229744,False,False,False
heldout_normal_motion_05_001,heldout,normal_motion,5320,14,10,18,0.29928164692645637,0.15518022768973358,0.2574068873107597,0.0742388071285727,0.19564317869721773,False,0.19950892541163573,False,0.0,0.3926409448288555,0.3926409448288555,False,0.1726409448288555,False,False,0.1726409448288555,False,False,139.49675734758378,False,False,False
heldout_normal_motion_05_002,heldout,normal_motion,5337,14,10,18,0.2946678524191217,0.09998605295029109,0.261698884720059,0.12669231075942525,0.1598275185828006,False,0.1923244672965301,False,0.0,0.3913091690591715,0.3913091690591715,False,0.17130916905917148,False,False,0.17130916905917148,False,False,138.19101699113847,False,False,False
heldout_normal_motion_05_003,heldout,normal_motion,5354,14,10,18,0.2702907824412758,0.15300222982391298,0.19859291666166076,0.07509467316668572,0.18146426689736384,False,0.17870719772170288,False,0.0,0.3922901143421566,0.3922901143421566,False,0.17229011434215663,False,False,0.17229011434215663,False,False,139.62778456926347,False,False,False
heldout_normal_motion_05_004,heldout,normal_motion,5371,14,10,18,0.2744247677327262,0.1532795839605761,0.12377665525096311,0.0782800881189079,0.11172378800474131,False,0.15850981539777392,False,0.0,0.3927227143024603,0.3927227143024603,False,0.17272271430246033,False,False,0.17272271430246033,False,False,140.38907607316972,False,False,False
heldout_normal_motion_05_005,heldout,normal_motion,5388,14,10,18,0.23363990411279056,0.1877399084956073,0.19379869091813262,0.12666158756716284,0.19976311694006077,False,0.18941332054316462,False,0.0,0.3900483827297781,0.3900483827297781,False,0.1700483827297781,False,False,0.1700483827297781,False,False,137.73802932024003,False,False,False
heldout_normal_motion_05_006,heldout,normal_motion,5405,14,10,18,0.2555073893941738,0.16536009403814486,0.1700617885837014,0.016226090003783902,0.26550348380064975,False,0.1690247949556417,False,0.0,0.3937251661947891,0.3937251661947891,False,0.17372516619478912,False,False,0.17372516619478912,False,False,140.2620924305916,False,False,False
heldout_normal_motion_05_007,heldout,normal_motion,5422,14,10,18,0.23399337826943895,0.17371111433637312,0.18466775940259653,0.056755480765378334,0.18488050634186,False,0.168698821819234,False,0.0,0.39359356711146004,0.39359356711146004,False,0.17359356711146007,False,False,0.17359356711146007,False,False,140.55643447160722,False,False,False
heldout_distractor_motion_05_000,heldout,distractor_motion,5404,14,10,18,0.4735591062938317,0.4023501579522736,0.4744591171920659,0.1702610497969503,0.38428896747142405,False,0.38635024620647196,False,0.0,0.394620046574887,0.394620046574887,False,0.174620046574887,False,False,0.174620046574887,False,False,143.1997907948494,False,False,False
heldout_distractor_motion_05_001,heldout,distractor_motion,5421,14,10,18,0.44125042176717066,0.33286674384057696,0.5010135620412102,0.1920483548632088,0.3399192999869214,False,0.36613360478151286,False,0.0,0.39277323344008835,0.39277323344008835,False,0.17277323344008838,False,False,0.17277323344008838,False,False,140.79106887102128,False,False,False
heldout_distractor_motion_05_002,heldout,distractor_motion,5438,14,10,18,0.4290402622722792,0.3958114413072795,0.5100445122318509,0.15721880098420046,0.4044012354979942,False,0.3801057120878994,False,0.0,0.395417048983966,0.395417048983966,False,0.175417048983966,False,False,0.175417048983966,False,False,143.6115797352791,False,False,False
heldout_distractor_motion_05_003,heldout,distractor_motion,5455,14,10,18,0.5297647548464857,0.40482445966755126,0.425383490062272,0.2572708568459327,0.3353835017565097,False,0.40371652318580115,False,0.0,0.39508887341481863,0.39508887341481863,False,0.17508887341481866,False,False,0.17508887341481866,False,False,143.32074721574784,False,False,False
heldout_distractor_motion_05_004,heldout,distractor_motion,5472,14,10,18,0.40409491570763495,0.3651240666459515,0.5212741976184483,0.22250130181124236,0.3759819201505547,False,0.3786580374893902,False,0.0,0.3943833742069718,0.3943833742069718,False,0.1743833742069718,False,False,0.1743833742069718,False,False,141.87291701555253,False,False,False
heldout_distractor_motion_05_005,heldout,distractor_motion,5489,14,10,18,0.4178951515379965,0.404885569365718,0.4739837769723484,0.19173311555410016,0.40529428268835255,False,0.37936798700005364,False,0.0,0.3955166477772893,0.3955166477772893,False,0.17551664777728931,False,False,0.17551664777728931,False,False,142.69199355363847,False,False,False
heldout_distractor_motion_05_006,heldout,distractor_motion,5506,14,10,18,0.39811981452346934,0.3968387995047873,0.44094777646598166,0.18987588650568796,0.39240379784828616,False,0.36414476588622674,False,0.0,0.39249357497378395,0.39249357497378395,False,0.17249357497378398,False,False,0.17249357497378398,False,False,140.4437330555916,False,False,False
heldout_distractor_motion_05_007,heldout,distractor_motion,5523,14,10,18,0.4633892388337357,0.3827190432782393,0.532413695385542,0.14596757240048386,0.3662446646486804,False,0.383827790550067,False,0.0,0.3945184566782374,0.3945184566782374,False,0.1745184566782374,False,False,0.1745184566782374,False,False,142.49912245988847,False,False,False
