area,bbox_xyxy,mean_score,peak_score,component_score,scene,image_name,frame_idx,mask_source,flow_source,local_component_rank,mask_boundary_mean,flow_valid_boundary_mean,flow_mag_boundary_mean,dynamic_boundary_mean,static_delta_boundary_mean,flicker_boundary_mean,component_id
47,"[288, 192, 352, 256]",0.9925531148910522,1.0,0.9940424919128419,cut_roasted_beef,cam00_0091,91,/leonardo_work/EUHPC_D21_034/proj_adags/data/n3v/cut_roasted_beef/motion_priors/masks/cam00_0091.png,/leonardo_work/EUHPC_D21_034/proj_adags/data/n3v/cut_roasted_beef/flow/cam00_0091.npz,0,0.0511157400906086,0.0377875417470932,0.28557005524635315,0.5539809465408325,0.6649627089500427,0.04114877060055733,cut_roasted_beef_boundary_001_cam00_0091
41,"[288, 192, 352, 256]",0.9914634227752686,1.0,0.9931707382202148,cut_roasted_beef,cam00_0090,90,/leonardo_work/EUHPC_D21_034/proj_adags/data/n3v/cut_roasted_beef/motion_priors/masks/cam00_0090.png,/leonardo_work/EUHPC_D21_034/proj_adags/data/n3v/cut_roasted_beef/flow/cam00_0090.npz,0,0.05466661974787712,0.03995249792933464,0.3377916216850281,0.5528430342674255,0.663938581943512,0.03690055385231972,cut_roasted_beef_boundary_002_cam00_0090
177,"[416, 224, 480, 288]",0.9912429451942444,1.0,0.9929943561553956,cut_roasted_beef,cam00_0160,160,/leonardo_work/EUHPC_D21_034/proj_adags/data/n3v/cut_roasted_beef/motion_priors/masks/cam00_0160.png,/leonardo_work/EUHPC_D21_034/proj_adags/data/n3v/cut_roasted_beef/flow/cam00_0160.npz,0,0.07838486135005951,0.05310271680355072,0.30958592891693115,0.5510894656181335,0.6712474822998047,0.044679224491119385,cut_roasted_beef_boundary_003_cam00_0160
35,"[256, 224, 320, 288]",0.9885714054107666,1.0,0.9908571243286133,cut_roasted_beef,cam00_0251,251,/leonardo_work/EUHPC_D21_034/proj_adags/data/n3v/cut_roasted_beef/motion_priors/masks/cam00_0251.png,/leonardo_work/EUHPC_D21_034/proj_adags/data/n3v/cut_roasted_beef/flow/cam00_0251.npz,0,0.06621208041906357,0.05052635818719864,0.25184109807014465,0.5531201958656311,0.6661648154258728,0.045041024684906006,cut_roasted_beef_boundary_004_cam00_0251
126,"[288, 224, 352, 288]",0.9857142567634583,1.0,0.9885714054107666,cut_roasted_beef,cam00_0263,263,/leonardo_work/EUHPC_D21_034/proj_adags/data/n3v/cut_roasted_beef/motion_priors/masks/cam00_0263.png,/leonardo_work/EUHPC_D21_034/proj_adags/data/n3v/cut_roasted_beef/flow/cam00_0263.npz,0,0.07443133741617203,0.04776034876704216,0.3126232624053955,0.5552851557731628,0.6675565838813782,0.04479009658098221,cut_roasted_beef_boundary_005_cam00_0263
131,"[416, 224, 480, 288]",0.9854962229728699,1.0,0.988396978378296,cut_roasted_beef,cam00_0158,158,/leonardo_work/EUHPC_D21_034/proj_adags/data/n3v/cut_roasted_beef/motion_priors/masks/cam00_0158.png,/leonardo_work/EUHPC_D21_034/proj_adags/data/n3v/cut_roasted_beef/flow/cam00_0158.npz,0,0.07888087630271912,0.05231492966413498,0.30877187848091125,0.5498815178871155,0.6730564832687378,0.04621978849172592,cut_roasted_beef_boundary_006_cam00_0158
26,"[416, 224, 480, 288]",0.9846153855323792,1.0,0.9876923084259033,cut_roasted_beef,cam00_0249,249,/leonardo_work/EUHPC_D21_034/proj_adags/data/n3v/cut_roasted_beef/motion_priors/masks/cam00_0249.png,/leonardo_work/EUHPC_D21_034/proj_adags/data/n3v/cut_roasted_beef/flow/cam00_0249.npz,0,0.059343744069337845,0.04670704901218414,0.15726865828037262,0.5506839156150818,0.6652253270149231,0.04252302274107933,cut_roasted_beef_boundary_007_cam00_0249
106,"[288, 224, 352, 288]",0.9830189347267151,1.0,0.9864151477813721,cut_roasted_beef,cam00_0264,264,/leonardo_work/EUHPC_D21_034/proj_adags/data/n3v/cut_roasted_beef/motion_priors/masks/cam00_0264.png,/leonardo_work/EUHPC_D21_034/proj_adags/data/n3v/cut_roasted_beef/flow/cam00_0264.npz,0,0.07343930751085281,0.05085022747516632,0.23963621258735657,0.5555915236473083,0.6686098575592041,0.04519566148519516,cut_roasted_beef_boundary_008_cam00_0264
46,"[224, 288, 288, 352]",0.9826087355613708,1.0,0.9860869884490968,cut_roasted_beef,cam00_0159,159,/leonardo_work/EUHPC_D21_034/proj_adags/data/n3v/cut_roasted_beef/motion_priors/masks/cam00_0159.png,/leonardo_work/EUHPC_D21_034/proj_adags/data/n3v/cut_roasted_beef/flow/cam00_0159.npz,0,0.08033682405948639,0.04860649257898331,0.34373795986175537,0.5504125952720642,0.6719068884849548,0.04343918710947037,cut_roasted_beef_boundary_009_cam00_0159
408,"[416, 320, 480, 384]",0.9825980067253113,1.0,0.9860784053802492,cut_roasted_beef,cam00_0186,186,/leonardo_work/EUHPC_D21_034/proj_adags/data/n3v/cut_roasted_beef/motion_priors/masks/cam00_0186.png,/leonardo_work/EUHPC_D21_034/proj_adags/data/n3v/cut_roasted_beef/flow/cam00_0186.npz,0,0.07342471927404404,0.06009651720523834,0.2082064151763916,0.5530093312263489,0.6677082777023315,0.04032305255532265,cut_roasted_beef_boundary_010_cam00_0186
137,"[384, 192, 448, 256]",0.9824817776679993,1.0,0.9859854221343995,cut_roasted_beef,cam00_0088,88,/leonardo_work/EUHPC_D21_034/proj_adags/data/n3v/cut_roasted_beef/motion_priors/masks/cam00_0088.png,/leonardo_work/EUHPC_D21_034/proj_adags/data/n3v/cut_roasted_beef/flow/cam00_0088.npz,0,0.0549292154610157,0.03295578062534332,0.431558758020401,0.552542507648468,0.6627656817436218,0.03841777145862579,cut_roasted_beef_boundary_011_cam00_0088
119,"[224, 288, 288, 352]",0.9823529720306396,1.0,0.9858823776245118,cut_roasted_beef,cam00_0186,186,/leonardo_work/EUHPC_D21_034/proj_adags/data/n3v/cut_roasted_beef/motion_priors/masks/cam00_0186.png,/leonardo_work/EUHPC_D21_034/proj_adags/data/n3v/cut_roasted_beef/flow/cam00_0186.npz,1,0.07342471927404404,0.06009651720523834,0.2082064151763916,0.5530093312263489,0.6677082777023315,0.04032305255532265,cut_roasted_beef_boundary_012_cam00_0186
474,"[416, 320, 480, 384]",0.9822784662246704,1.0,0.9858227729797364,cut_roasted_beef,cam00_0187,187,/leonardo_work/EUHPC_D21_034/proj_adags/data/n3v/cut_roasted_beef/motion_priors/masks/cam00_0187.png,/leonardo_work/EUHPC_D21_034/proj_adags/data/n3v/cut_roasted_beef/flow/cam00_0187.npz,0,0.0738857164978981,0.06349276006221771,0.2132190763950348,0.5535666346549988,0.6675798892974854,0.0430423766374588,cut_roasted_beef_boundary_013_cam00_0187
114,"[224, 352, 288, 416]",0.982017457485199,1.0,0.9856139659881593,cut_roasted_beef,cam00_0119,119,/leonardo_work/EUHPC_D21_034/proj_adags/data/n3v/cut_roasted_beef/motion_priors/masks/cam00_0119.png,/leonardo_work/EUHPC_D21_034/proj_adags/data/n3v/cut_roasted_beef/flow/cam00_0119.npz,0,0.05681407079100609,0.042858559638261795,0.2793319523334503,0.5570591688156128,0.6676791310310364,0.040573976933956146,cut_roasted_beef_boundary_014_cam00_0119
261,"[288, 224, 352, 288]",0.9808428883552551,1.0,0.9846743106842042,cut_roasted_beef,cam00_0257,257,/leonardo_work/EUHPC_D21_034/proj_adags/data/n3v/cut_roasted_beef/motion_priors/masks/cam00_0257.png,/leonardo_work/EUHPC_D21_034/proj_adags/data/n3v/cut_roasted_beef/flow/cam00_0257.npz,0,0.07170617580413818,0.048615243285894394,0.29244714975357056,0.5530093312263489,0.6660918593406677,0.04643278196454048,cut_roasted_beef_boundary_015_cam00_0257
134,"[416, 160, 480, 224]",0.9805969595909119,1.0,0.9844775676727295,cut_roasted_beef,cam00_0263,263,/leonardo_work/EUHPC_D21_034/proj_adags/data/n3v/cut_roasted_beef/motion_priors/masks/cam00_0263.png,/leonardo_work/EUHPC_D21_034/proj_adags/data/n3v/cut_roasted_beef/flow/cam00_0263.npz,1,0.07443133741617203,0.04776034876704216,0.3126232624053955,0.5552851557731628,0.6675565838813782,0.04479009658098221,cut_roasted_beef_boundary_016_cam00_0263
419,"[256, 256, 320, 320]",0.9801909327507019,1.0,0.9841527462005615,cut_roasted_beef,cam00_0186,186,/leonardo_work/EUHPC_D21_034/proj_adags/data/n3v/cut_roasted_beef/motion_priors/masks/cam00_0186.png,/leonardo_work/EUHPC_D21_034/proj_adags/data/n3v/cut_roasted_beef/flow/cam00_0186.npz,2,0.07342471927404404,0.06009651720523834,0.2082064151763916,0.5530093312263489,0.6677082777023315,0.04032305255532265,cut_roasted_beef_boundary_017_cam00_0186
374,"[384, 160, 448, 224]",0.9795454144477844,1.0,0.9836363315582275,cut_roasted_beef,cam00_0261,261,/leonardo_work/EUHPC_D21_034/proj_adags/data/n3v/cut_roasted_beef/motion_priors/masks/cam00_0261.png,/leonardo_work/EUHPC_D21_034/proj_adags/data/n3v/cut_roasted_beef/flow/cam00_0261.npz,0,0.07674217969179153,0.05241413041949272,0.3093145787715912,0.5544157028198242,0.6682130694389343,0.048139654099941254,cut_roasted_beef_boundary_018_cam00_0261
19,"[256, 224, 320, 288]",0.9789474010467529,1.0,0.9831579208374024,cut_roasted_beef,cam00_0186,186,/leonardo_work/EUHPC_D21_034/proj_adags/data/n3v/cut_roasted_beef/motion_priors/masks/cam00_0186.png,/leonardo_work/EUHPC_D21_034/proj_adags/data/n3v/cut_roasted_beef/flow/cam00_0186.npz,3,0.07342471927404404,0.06009651720523834,0.2082064151763916,0.5530093312263489,0.6677082777023315,0.04032305255532265,cut_roasted_beef_boundary_019_cam00_0186
146,"[224, 288, 288, 352]",0.9787671566009521,1.0,0.9830137252807618,cut_roasted_beef,cam00_0157,157,/leonardo_work/EUHPC_D21_034/proj_adags/data/n3v/cut_roasted_beef/motion_priors/masks/cam00_0157.png,/leonardo_work/EUHPC_D21_034/proj_adags/data/n3v/cut_roasted_beef/flow/cam00_0157.npz,0,0.0758230909705162,0.05214570090174675,0.2744593322277069,0.5488544702529907,0.6725400686264038,0.04621978849172592,cut_roasted_beef_boundary_020_cam00_0157
182,"[32, 320, 96, 384]",0.97829669713974,1.0,0.982637357711792,cut_roasted_beef,cam00_0257,257,/leonardo_work/EUHPC_D21_034/proj_adags/data/n3v/cut_roasted_beef/motion_priors/masks/cam00_0257.png,/leonardo_work/EUHPC_D21_034/proj_adags/data/n3v/cut_roasted_beef/flow/cam00_0257.npz,1,0.07170617580413818,0.048615243285894394,0.29244714975357056,0.5530093312263489,0.6660918593406677,0.04643278196454048,cut_roasted_beef_boundary_021_cam00_0257
182,"[64, 320, 128, 384]",0.97829669713974,1.0,0.982637357711792,cut_roasted_beef,cam00_0257,257,/leonardo_work/EUHPC_D21_034/proj_adags/data/n3v/cut_roasted_beef/motion_priors/masks/cam00_0257.png,/leonardo_work/EUHPC_D21_034/proj_adags/data/n3v/cut_roasted_beef/flow/cam00_0257.npz,2,0.07170617580413818,0.048615243285894394,0.29244714975357056,0.5530093312263489,0.6660918593406677,0.04643278196454048,cut_roasted_beef_boundary_022_cam00_0257
239,"[288, 224, 352, 288]",0.9774059057235718,1.0,0.9819247245788574,cut_roasted_beef,cam00_0258,258,/leonardo_work/EUHPC_D21_034/proj_adags/data/n3v/cut_roasted_beef/motion_priors/masks/cam00_0258.png,/leonardo_work/EUHPC_D21_034/proj_adags/data/n3v/cut_roasted_beef/flow/cam00_0258.npz,0,0.0720738098025322,0.048495616763830185,0.30214861035346985,0.554202675819397,0.6654704213142395,0.0474218912422657,cut_roasted_beef_boundary_023_cam00_0258
87,"[288, 224, 352, 288]",0.977011501789093,1.0,0.9816092014312745,cut_roasted_beef,cam00_0265,265,/leonardo_work/EUHPC_D21_034/proj_adags/data/n3v/cut_roasted_beef/motion_priors/masks/cam00_0265.png,/leonardo_work/EUHPC_D21_034/proj_adags/data/n3v/cut_roasted_beef/flow/cam00_0265.npz,0,0.0717586949467659,0.04422697797417641,0.25766780972480774,0.5569220185279846,0.6696339845657349,0.04395854473114014,cut_roasted_beef_boundary_024_cam00_0265
449,"[256, 256, 320, 320]",0.9768374562263489,1.0,0.9814699649810792,cut_roasted_beef,cam00_0187,187,/leonardo_work/EUHPC_D21_034/proj_adags/data/n3v/cut_roasted_beef/motion_priors/masks/cam00_0187.png,/leonardo_work/EUHPC_D21_034/proj_adags/data/n3v/cut_roasted_beef/flow/cam00_0187.npz,1,0.0738857164978981,0.06349276006221771,0.2132190763950348,0.5535666346549988,0.6675798892974854,0.0430423766374588,cut_roasted_beef_boundary_025_cam00_0187
366,"[384, 160, 448, 224]",0.9766393899917603,1.0,0.9813115119934082,cut_roasted_beef,cam00_0260,260,/leonardo_work/EUHPC_D21_034/proj_adags/data/n3v/cut_roasted_beef/motion_priors/masks/cam00_0260.png,/leonardo_work/EUHPC_D21_034/proj_adags/data/n3v/cut_roasted_beef/flow/cam00_0260.npz,0,0.07589895278215408,0.052869297564029694,0.3631729781627655,0.5545324087142944,0.6666024923324585,0.0464853011071682,cut_roasted_beef_boundary_026_cam00_0260
80,"[96, 384, 160, 448]",0.9762500524520874,1.0,0.98100004196167,cut_roasted_beef,cam00_0049,49,/leonardo_work/EUHPC_D21_034/proj_adags/data/n3v/cut_roasted_beef/motion_priors/masks/cam00_0049.png,/leonardo_work/EUHPC_D21_034/proj_adags/data/n3v/cut_roasted_beef/flow/cam00_0049.npz,0,0.058185406029224396,0.04071986302733421,0.5003501176834106,0.5430335998535156,0.6561803221702576,0.032780714333057404,cut_roasted_beef_boundary_027_cam00_0049
242,"[288, 224, 352, 288]",0.9762396812438965,1.0,0.9809917449951173,cut_roasted_beef,cam00_0185,185,/leonardo_work/EUHPC_D21_034/proj_adags/data/n3v/cut_roasted_beef/motion_priors/masks/cam00_0185.png,/leonardo_work/EUHPC_D21_034/proj_adags/data/n3v/cut_roasted_beef/flow/cam00_0185.npz,0,0.07090087980031967,0.05463452637195587,0.2161543071269989,0.5522011518478394,0.6676674485206604,0.0392901748418808,cut_roasted_beef_boundary_028_cam00_0185
71,"[416, 224, 480, 288]",0.9760563969612122,1.0,0.9808451175689699,cut_roasted_beef,cam00_0252,252,/leonardo_work/EUHPC_D21_034/proj_adags/data/n3v/cut_roasted_beef/motion_priors/masks/cam00_0252.png,/leonardo_work/EUHPC_D21_034/proj_adags/data/n3v/cut_roasted_beef/flow/cam00_0252.npz,0,0.0677584782242775,0.04514022544026375,0.216215580701828,0.552533745765686,0.6658759713172913,0.04511396586894989,cut_roasted_beef_boundary_029_cam00_0252
236,"[416, 256, 480, 320]",0.9758474230766296,1.0,0.9806779384613038,cut_roasted_beef,cam00_0160,160,/leonardo_work/EUHPC_D21_034/proj_adags/data/n3v/cut_roasted_beef/motion_priors/masks/cam00_0160.png,/leonardo_work/EUHPC_D21_034/proj_adags/data/n3v/cut_roasted_beef/flow/cam00_0160.npz,1,0.07838486135005951,0.05310271680355072,0.30958592891693115,0.5510894656181335,0.6712474822998047,0.044679224491119385,cut_roasted_beef_boundary_030_cam00_0160
150,"[416, 288, 480, 352]",0.9756667017936707,1.0,0.9805333614349365,cut_roasted_beef,cam00_0185,185,/leonardo_work/EUHPC_D21_034/proj_adags/data/n3v/cut_roasted_beef/motion_priors/masks/cam00_0185.png,/leonardo_work/EUHPC_D21_034/proj_adags/data/n3v/cut_roasted_beef/flow/cam00_0185.npz,1,0.07090087980031967,0.05463452637195587,0.2161543071269989,0.5522011518478394,0.6676674485206604,0.0392901748418808,cut_roasted_beef_boundary_031_cam00_0185
412,"[256, 256, 320, 320]",0.9756067991256714,1.0,0.9804854393005371,cut_roasted_beef,cam00_0185,185,/leonardo_work/EUHPC_D21_034/proj_adags/data/n3v/cut_roasted_beef/motion_priors/masks/cam00_0185.png,/leonardo_work/EUHPC_D21_034/proj_adags/data/n3v/cut_roasted_beef/flow/cam00_0185.npz,2,0.07090087980031967,0.05463452637195587,0.2161543071269989,0.5522011518478394,0.6676674485206604,0.0392901748418808,cut_roasted_beef_boundary_032_cam00_0185
65,"[96, 320, 160, 384]",0.9753846526145935,1.0,0.9803077220916749,cut_roasted_beef,cam00_0048,48,/leonardo_work/EUHPC_D21_034/proj_adags/data/n3v/cut_roasted_beef/motion_priors/masks/cam00_0048.png,/leonardo_work/EUHPC_D21_034/proj_adags/data/n3v/cut_roasted_beef/flow/cam00_0048.npz,0,0.05582495778799057,0.043903108686208725,0.3898322880268097,0.5426192879676819,0.6558389663696289,0.03247435390949249,cut_roasted_beef_boundary_033_cam00_0048
430,"[256, 256, 320, 320]",0.9745348691940308,1.0,0.9796278953552247,cut_roasted_beef,cam00_0251,251,/leonardo_work/EUHPC_D21_034/proj_adags/data/n3v/cut_roasted_beef/motion_priors/masks/cam00_0251.png,/leonardo_work/EUHPC_D21_034/proj_adags/data/n3v/cut_roasted_beef/flow/cam00_0251.npz,1,0.06621208041906357,0.05052635818719864,0.25184109807014465,0.5531201958656311,0.6661648154258728,0.045041024684906006,cut_roasted_beef_boundary_034_cam00_0251
182,"[416, 256, 480, 320]",0.974450409412384,1.0,0.9795603275299072,cut_roasted_beef,cam00_0158,158,/leonardo_work/EUHPC_D21_034/proj_adags/data/n3v/cut_roasted_beef/motion_priors/masks/cam00_0158.png,/leonardo_work/EUHPC_D21_034/proj_adags/data/n3v/cut_roasted_beef/flow/cam00_0158.npz,1,0.07888087630271912,0.05231492966413498,0.30877187848091125,0.5498815178871155,0.6730564832687378,0.04621978849172592,cut_roasted_beef_boundary_035_cam00_0158
703,"[288, 256, 352, 320]",0.9743243455886841,1.0,0.9794594764709472,cut_roasted_beef,cam00_0185,185,/leonardo_work/EUHPC_D21_034/proj_adags/data/n3v/cut_roasted_beef/motion_priors/masks/cam00_0185.png,/leonardo_work/EUHPC_D21_034/proj_adags/data/n3v/cut_roasted_beef/flow/cam00_0185.npz,3,0.07090087980031967,0.05463452637195587,0.2161543071269989,0.5522011518478394,0.6676674485206604,0.0392901748418808,cut_roasted_beef_boundary_036_cam00_0185
49,"[96, 352, 160, 416]",0.9663264751434326,1.0,0.9730611801147462,flame_steak,cam00_0078,78,/leonardo_work/EUHPC_D21_034/proj_adags/data/n3v/flame_steak/motion_priors/masks/cam00_0078.png,/leonardo_work/EUHPC_D21_034/proj_adags/data/n3v/flame_steak/flow/cam00_0078.npz,0,0.04518399387598038,0.03048737719655037,0.5100253224372864,0.5721583962440491,0.6185386776924133,0.03379608690738678,flame_steak_boundary_001_cam00_0078
464,"[352, 288, 416, 352]",0.9620689749717712,1.0,0.9696551799774171,flame_steak,cam00_0219,219,/leonardo_work/EUHPC_D21_034/proj_adags/data/n3v/flame_steak/motion_priors/masks/cam00_0219.png,/leonardo_work/EUHPC_D21_034/proj_adags/data/n3v/flame_steak/flow/cam00_0219.npz,0,0.05312605947256088,0.04283813759684563,0.6234959363937378,0.5498290061950684,0.6499013900756836,0.03619154170155525,flame_steak_boundary_002_cam00_0219
396,"[352, 160, 416, 224]",0.9603534936904907,1.0,0.9682827949523927,flame_steak,cam00_0077,77,/leonardo_work/EUHPC_D21_034/proj_adags/data/n3v/flame_steak/motion_priors/masks/cam00_0077.png,/leonardo_work/EUHPC_D21_034/proj_adags/data/n3v/flame_steak/flow/cam00_0077.npz,0,0.04227501526474953,0.03519367799162865,0.19067667424678802,0.5730658173561096,0.6174620389938354,0.03308124095201492,flame_steak_boundary_003_cam00_0077
309,"[352, 160, 416, 224]",0.9556633830070496,1.0,0.9645307064056396,flame_steak,cam00_0188,188,/leonardo_work/EUHPC_D21_034/proj_adags/data/n3v/flame_steak/motion_priors/masks/cam00_0188.png,/leonardo_work/EUHPC_D21_034/proj_adags/data/n3v/flame_steak/flow/cam00_0188.npz,0,0.06462191790342331,0.04425615444779396,0.5477223992347717,0.5562421679496765,0.6401124000549316,0.041612688452005386,flame_steak_boundary_004_cam00_0188
331,"[352, 160, 416, 224]",0.9555891156196594,1.0,0.9644712924957275,flame_steak,cam00_0187,187,/leonardo_work/EUHPC_D21_034/proj_adags/data/n3v/flame_steak/motion_priors/masks/cam00_0187.png,/leonardo_work/EUHPC_D21_034/proj_adags/data/n3v/flame_steak/flow/cam00_0187.npz,0,0.06511793285608292,0.05654563754796982,0.4894086420536041,0.5554981827735901,0.6401765942573547,0.04315325245261192,flame_steak_boundary_005_cam00_0187
381,"[320, 160, 384, 224]",0.9547244310379028,1.0,0.9637795448303224,flame_steak,cam00_0178,178,/leonardo_work/EUHPC_D21_034/proj_adags/data/n3v/flame_steak/motion_priors/masks/cam00_0178.png,/leonardo_work/EUHPC_D21_034/proj_adags/data/n3v/flame_steak/flow/cam00_0178.npz,0,0.06048749387264252,0.0529276505112648,0.33787915110588074,0.5574268102645874,0.6395201086997986,0.039824120700359344,flame_steak_boundary_006_cam00_0178
323,"[320, 160, 384, 224]",0.9515479207038879,1.0,0.9612383365631103,flame_steak,cam00_0176,176,/leonardo_work/EUHPC_D21_034/proj_adags/data/n3v/flame_steak/motion_priors/masks/cam00_0176.png,/leonardo_work/EUHPC_D21_034/proj_adags/data/n3v/flame_steak/flow/cam00_0176.npz,0,0.06051083654165268,0.04722932353615761,0.318088173866272,0.5569278597831726,0.6401590704917908,0.03564009070396423,flame_steak_boundary_007_cam00_0176
265,"[352, 160, 416, 224]",0.9483018517494202,1.0,0.9586414813995361,flame_steak,cam00_0208,208,/leonardo_work/EUHPC_D21_034/proj_adags/data/n3v/flame_steak/motion_priors/masks/cam00_0208.png,/leonardo_work/EUHPC_D21_034/proj_adags/data/n3v/flame_steak/flow/cam00_0208.npz,0,0.0489245243370533,0.03324755281209946,0.7136508822441101,0.55253666639328,0.6479990482330322,0.03388361632823944,flame_steak_boundary_008_cam00_0208
219,"[416, 288, 480, 352]",0.947945237159729,1.0,0.9583561897277832,flame_steak,cam00_0217,217,/leonardo_work/EUHPC_D21_034/proj_adags/data/n3v/flame_steak/motion_priors/masks/cam00_0217.png,/leonardo_work/EUHPC_D21_034/proj_adags/data/n3v/flame_steak/flow/cam00_0217.npz,0,0.05710000917315483,0.03823103755712509,0.35920485854148865,0.5500945448875427,0.649539589881897,0.036007724702358246,flame_steak_boundary_009_cam00_0217
1187,"[384, 256, 448, 320]",0.94663006067276,1.0,0.957304048538208,flame_steak,cam00_0181,181,/leonardo_work/EUHPC_D21_034/proj_adags/data/n3v/flame_steak/motion_priors/masks/cam00_0181.png,/leonardo_work/EUHPC_D21_034/proj_adags/data/n3v/flame_steak/flow/cam00_0181.npz,0,0.06477072834968567,0.04345085844397545,0.4618360698223114,0.5563763976097107,0.6395696997642517,0.039999183267354965,flame_steak_boundary_010_cam00_0181
54,"[96, 320, 160, 384]",0.9462963342666626,1.0,0.9570370674133302,flame_steak,cam00_0078,78,/leonardo_work/EUHPC_D21_034/proj_adags/data/n3v/flame_steak/motion_priors/masks/cam00_0078.png,/leonardo_work/EUHPC_D21_034/proj_adags/data/n3v/flame_steak/flow/cam00_0078.npz,1,0.04518399387598038,0.03048737719655037,0.5100253224372864,0.5721583962440491,0.6185386776924133,0.03379608690738678,flame_steak_boundary_011_cam00_0078
881,"[384, 256, 448, 320]",0.9459705352783203,1.0,0.9567764282226563,flame_steak,cam00_0193,193,/leonardo_work/EUHPC_D21_034/proj_adags/data/n3v/flame_steak/motion_priors/masks/cam00_0193.png,/leonardo_work/EUHPC_D21_034/proj_adags/data/n3v/flame_steak/flow/cam00_0193.npz,0,0.056927863508462906,0.03496025875210762,0.35833829641342163,0.556545615196228,0.644375205039978,0.038140587508678436,flame_steak_boundary_012_cam00_0193
1063,"[320, 384, 384, 448]",0.945813775062561,1.0,0.9566510200500489,flame_steak,cam00_0085,85,/leonardo_work/EUHPC_D21_034/proj_adags/data/n3v/flame_steak/motion_priors/masks/cam00_0085.png,/leonardo_work/EUHPC_D21_034/proj_adags/data/n3v/flame_steak/flow/cam00_0085.npz,0,0.0513024739921093,0.036848034709692,0.5785394906997681,0.5732000470161438,0.6205752491950989,0.0380384661257267,flame_steak_boundary_013_cam00_0085
365,"[384, 224, 448, 288]",0.9456164836883545,1.0,0.9564931869506836,flame_steak,cam00_0193,193,/leonardo_work/EUHPC_D21_034/proj_adags/data/n3v/flame_steak/motion_priors/masks/cam00_0193.png,/leonardo_work/EUHPC_D21_034/proj_adags/data/n3v/flame_steak/flow/cam00_0193.npz,1,0.056927863508462906,0.03496025875210762,0.35833829641342163,0.556545615196228,0.644375205039978,0.038140587508678436,flame_steak_boundary_014_cam00_0193
67,"[96, 352, 160, 416]",0.9455224275588989,1.0,0.9564179420471193,flame_steak,cam00_0085,85,/leonardo_work/EUHPC_D21_034/proj_adags/data/n3v/flame_steak/motion_priors/masks/cam00_0085.png,/leonardo_work/EUHPC_D21_034/proj_adags/data/n3v/flame_steak/flow/cam00_0085.npz,1,0.0513024739921093,0.036848034709692,0.5785394906997681,0.5732000470161438,0.6205752491950989,0.0380384661257267,flame_steak_boundary_015_cam00_0085
80,"[0, 320, 64, 384]",0.9449998736381531,1.0,0.9559998989105225,flame_steak,cam00_0029,29,/leonardo_work/EUHPC_D21_034/proj_adags/data/n3v/flame_steak/motion_priors/masks/cam00_0029.png,/leonardo_work/EUHPC_D21_034/proj_adags/data/n3v/flame_steak/flow/cam00_0029.npz,0,0.04689086601138115,0.030857929959893227,0.6283393502235413,0.575592577457428,0.6035473942756653,0.03411703556776047,flame_steak_boundary_016_cam00_0029
80,"[0, 352, 64, 416]",0.9449998736381531,1.0,0.9559998989105225,flame_steak,cam00_0029,29,/leonardo_work/EUHPC_D21_034/proj_adags/data/n3v/flame_steak/motion_priors/masks/cam00_0029.png,/leonardo_work/EUHPC_D21_034/proj_adags/data/n3v/flame_steak/flow/cam00_0029.npz,1,0.04689086601138115,0.030857929959893227,0.6283393502235413,0.575592577457428,0.6035473942756653,0.03411703556776047,flame_steak_boundary_017_cam00_0029
177,"[352, 416, 416, 480]",0.9446328282356262,1.0,0.9557062625885011,flame_steak,cam00_0178,178,/leonardo_work/EUHPC_D21_034/proj_adags/data/n3v/flame_steak/motion_priors/masks/cam00_0178.png,/leonardo_work/EUHPC_D21_034/proj_adags/data/n3v/flame_steak/flow/cam00_0178.npz,1,0.06048749387264252,0.0529276505112648,0.33787915110588074,0.5574268102645874,0.6395201086997986,0.039824120700359344,flame_steak_boundary_018_cam00_0178
177,"[384, 416, 448, 480]",0.9446328282356262,1.0,0.9557062625885011,flame_steak,cam00_0178,178,/leonardo_work/EUHPC_D21_034/proj_adags/data/n3v/flame_steak/motion_priors/masks/cam00_0178.png,/leonardo_work/EUHPC_D21_034/proj_adags/data/n3v/flame_steak/flow/cam00_0178.npz,2,0.06048749387264252,0.0529276505112648,0.33787915110588074,0.5574268102645874,0.6395201086997986,0.039824120700359344,flame_steak_boundary_019_cam00_0178
466,"[320, 160, 384, 224]",0.9439913630485535,1.0,0.9551930904388428,flame_steak,cam00_0074,74,/leonardo_work/EUHPC_D21_034/proj_adags/data/n3v/flame_steak/motion_priors/masks/cam00_0074.png,/leonardo_work/EUHPC_D21_034/proj_adags/data/n3v/flame_steak/flow/cam00_0074.npz,0,0.03825729712843895,0.03205711767077446,0.4901964068412781,0.574440062046051,0.6164291501045227,0.031785767525434494,flame_steak_boundary_020_cam00_0074
512,"[416, 256, 480, 320]",0.9431641101837158,1.0,0.9545312881469727,flame_steak,cam00_0181,181,/leonardo_work/EUHPC_D21_034/proj_adags/data/n3v/flame_steak/motion_priors/masks/cam00_0181.png,/leonardo_work/EUHPC_D21_034/proj_adags/data/n3v/flame_steak/flow/cam00_0181.npz,1,0.06477072834968567,0.04345085844397545,0.4618360698223114,0.5563763976097107,0.6395696997642517,0.039999183267354965,flame_steak_boundary_021_cam00_0181
526,"[320, 160, 384, 224]",0.9427757263183594,1.0,0.9542205810546875,flame_steak,cam00_0182,182,/leonardo_work/EUHPC_D21_034/proj_adags/data/n3v/flame_steak/motion_priors/masks/cam00_0182.png,/leonardo_work/EUHPC_D21_034/proj_adags/data/n3v/flame_steak/flow/cam00_0182.npz,0,0.06421927362680435,0.04630440101027489,0.4620315730571747,0.5566740036010742,0.6394296288490295,0.04108458012342453,flame_steak_boundary_022_cam00_0182
68,"[96, 320, 160, 384]",0.9426470398902893,1.0,0.9541176319122315,flame_steak,cam00_0085,85,/leonardo_work/EUHPC_D21_034/proj_adags/data/n3v/flame_steak/motion_priors/masks/cam00_0085.png,/leonardo_work/EUHPC_D21_034/proj_adags/data/n3v/flame_steak/flow/cam00_0085.npz,2,0.0513024739921093,0.036848034709692,0.5785394906997681,0.5732000470161438,0.6205752491950989,0.0380384661257267,flame_steak_boundary_023_cam00_0085
648,"[320, 160, 384, 224]",0.9422839283943176,1.0,0.9538271427154541,flame_steak,cam00_0187,187,/leonardo_work/EUHPC_D21_034/proj_adags/data/n3v/flame_steak/motion_priors/masks/cam00_0187.png,/leonardo_work/EUHPC_D21_034/proj_adags/data/n3v/flame_steak/flow/cam00_0187.npz,1,0.06511793285608292,0.05654563754796982,0.4894086420536041,0.5554981827735901,0.6401765942573547,0.04315325245261192,flame_steak_boundary_024_cam00_0187
626,"[320, 160, 384, 224]",0.9416933059692383,1.0,0.9533546447753907,flame_steak,cam00_0188,188,/leonardo_work/EUHPC_D21_034/proj_adags/data/n3v/flame_steak/motion_priors/masks/cam00_0188.png,/leonardo_work/EUHPC_D21_034/proj_adags/data/n3v/flame_steak/flow/cam00_0188.npz,1,0.06462191790342331,0.04425615444779396,0.5477223992347717,0.5562421679496765,0.6401124000549316,0.041612688452005386,flame_steak_boundary_025_cam00_0188
208,"[32, 384, 96, 448]",0.941586434841156,1.0,0.9532691478729249,flame_steak,cam00_0033,33,/leonardo_work/EUHPC_D21_034/proj_adags/data/n3v/flame_steak/motion_priors/masks/cam00_0033.png,/leonardo_work/EUHPC_D21_034/proj_adags/data/n3v/flame_steak/flow/cam00_0033.npz,0,0.05381464213132858,0.03746075555682182,0.4696410000324249,0.5764066576957703,0.6055985689163208,0.03504195809364319,flame_steak_boundary_026_cam00_0033
722,"[384, 256, 448, 320]",0.9409972429275513,1.0,0.9527977943420411,flame_steak,cam00_0217,217,/leonardo_work/EUHPC_D21_034/proj_adags/data/n3v/flame_steak/motion_priors/masks/cam00_0217.png,/leonardo_work/EUHPC_D21_034/proj_adags/data/n3v/flame_steak/flow/cam00_0217.npz,1,0.05710000917315483,0.03823103755712509,0.35920485854148865,0.5500945448875427,0.649539589881897,0.036007724702358246,flame_steak_boundary_027_cam00_0217
860,"[320, 384, 384, 448]",0.9406394958496094,1.0,0.9525115966796875,flame_steak,cam00_0082,82,/leonardo_work/EUHPC_D21_034/proj_adags/data/n3v/flame_steak/motion_priors/masks/cam00_0082.png,/leonardo_work/EUHPC_D21_034/proj_adags/data/n3v/flame_steak/flow/cam00_0082.npz,0,0.04726725071668625,0.030014704912900925,0.5706791281700134,0.5730337500572205,0.6185620427131653,0.03718648850917816,flame_steak_boundary_028_cam00_0082
102,"[96, 352, 160, 416]",0.9401957988739014,1.0,0.9521566390991212,flame_steak,cam00_0086,86,/leonardo_work/EUHPC_D21_034/proj_adags/data/n3v/flame_steak/motion_priors/masks/cam00_0086.png,/leonardo_work/EUHPC_D21_034/proj_adags/data/n3v/flame_steak/flow/cam00_0086.npz,0,0.05239370837807655,0.04259888082742691,0.540404736995697,0.5722225904464722,0.6210333704948425,0.037816718220710754,flame_steak_boundary_029_cam00_0086
778,"[320, 384, 384, 448]",0.9397814273834229,1.0,0.9518251419067383,flame_steak,cam00_0216,216,/leonardo_work/EUHPC_D21_034/proj_adags/data/n3v/flame_steak/motion_priors/masks/cam00_0216.png,/leonardo_work/EUHPC_D21_034/proj_adags/data/n3v/flame_steak/flow/cam00_0216.npz,0,0.05629179626703262,0.03710479289293289,0.3936457633972168,0.5506460070610046,0.6489852070808411,0.0366000272333622,flame_steak_boundary_030_cam00_0216
529,"[416, 256, 480, 320]",0.9396975636482239,1.0,0.9517580509185792,flame_steak,cam00_0182,182,/leonardo_work/EUHPC_D21_034/proj_adags/data/n3v/flame_steak/motion_priors/masks/cam00_0182.png,/leonardo_work/EUHPC_D21_034/proj_adags/data/n3v/flame_steak/flow/cam00_0182.npz,1,0.06421927362680435,0.04630440101027489,0.4620315730571747,0.5566740036010742,0.6394296288490295,0.04108458012342453,flame_steak_boundary_031_cam00_0182
513,"[384, 192, 448, 256]",0.9392787218093872,1.0,0.9514229774475098,flame_steak,cam00_0077,77,/leonardo_work/EUHPC_D21_034/proj_adags/data/n3v/flame_steak/motion_priors/masks/cam00_0077.png,/leonardo_work/EUHPC_D21_034/proj_adags/data/n3v/flame_steak/flow/cam00_0077.npz,1,0.04227501526474953,0.03519367799162865,0.19067667424678802,0.5730658173561096,0.6174620389938354,0.03308124095201492,flame_steak_boundary_032_cam00_0077
1180,"[384, 256, 448, 320]",0.9392373561859131,1.0,0.9513898849487306,flame_steak,cam00_0182,182,/leonardo_work/EUHPC_D21_034/proj_adags/data/n3v/flame_steak/motion_priors/masks/cam00_0182.png,/leonardo_work/EUHPC_D21_034/proj_adags/data/n3v/flame_steak/flow/cam00_0182.npz,2,0.06421927362680435,0.04630440101027489,0.4620315730571747,0.5566740036010742,0.6394296288490295,0.04108458012342453,flame_steak_boundary_033_cam00_0182
369,"[416, 352, 480, 416]",0.9391599297523499,1.0,0.95132794380188,flame_steak,cam00_0185,185,/leonardo_work/EUHPC_D21_034/proj_adags/data/n3v/flame_steak/motion_priors/masks/cam00_0185.png,/leonardo_work/EUHPC_D21_034/proj_adags/data/n3v/flame_steak/flow/cam00_0185.npz,0,0.06488160043954849,0.05346451327204704,0.32949650287628174,0.555944561958313,0.6390153169631958,0.041332587599754333,flame_steak_boundary_034_cam00_0185
729,"[352, 256, 416, 320]",0.939094603061676,1.0,0.9512756824493409,flame_steak,cam00_0182,182,/leonardo_work/EUHPC_D21_034/proj_adags/data/n3v/flame_steak/motion_priors/masks/cam00_0182.png,/leonardo_work/EUHPC_D21_034/proj_adags/data/n3v/flame_steak/flow/cam00_0182.npz,3,0.06421927362680435,0.04630440101027489,0.4620315730571747,0.5566740036010742,0.6394296288490295,0.04108458012342453,flame_steak_boundary_035_cam00_0182
573,"[320, 160, 384, 224]",0.9390053153038025,1.0,0.951204252243042,flame_steak,cam00_0207,207,/leonardo_work/EUHPC_D21_034/proj_adags/data/n3v/flame_steak/motion_priors/masks/cam00_0207.png,/leonardo_work/EUHPC_D21_034/proj_adags/data/n3v/flame_steak/flow/cam00_0207.npz,0,0.048446014523506165,0.028301997110247612,0.6669642925262451,0.5523120164871216,0.6488685011863708,0.03419581428170204,flame_steak_boundary_036_cam00_0207
509,"[320, 160, 384, 224]",0.9398820996284485,1.0,0.9519056797027587,sear_steak,cam00_0091,91,/leonardo_work/EUHPC_D21_034/proj_adags/data/n3v/sear_steak/motion_priors/masks/cam00_0091.png,/leonardo_work/EUHPC_D21_034/proj_adags/data/n3v/sear_steak/flow/cam00_0091.npz,0,0.041563086211681366,0.037697091698646545,0.6486934423446655,0.5819153189659119,0.6633287668228149,0.031972505152225494,sear_steak_boundary_001_cam00_0091
160,"[32, 384, 96, 448]",0.9303125143051147,1.0,0.9442500114440919,sear_steak,cam00_0086,86,/leonardo_work/EUHPC_D21_034/proj_adags/data/n3v/sear_steak/motion_priors/masks/cam00_0086.png,/leonardo_work/EUHPC_D21_034/proj_adags/data/n3v/sear_steak/flow/cam00_0086.npz,0,0.03730028122663498,0.028080249205231667,0.5617567300796509,0.5800508856773376,0.661038339138031,0.03029189072549343,sear_steak_boundary_002_cam00_0086
477,"[352, 160, 416, 224]",0.9252620935440063,1.0,0.9402096748352051,sear_steak,cam00_0091,91,/leonardo_work/EUHPC_D21_034/proj_adags/data/n3v/sear_steak/motion_priors/masks/cam00_0091.png,/leonardo_work/EUHPC_D21_034/proj_adags/data/n3v/sear_steak/flow/cam00_0091.npz,1,0.041563086211681366,0.037697091698646545,0.6486934423446655,0.5819153189659119,0.6633287668228149,0.031972505152225494,sear_steak_boundary_003_cam00_0091
81,"[256, 443, 320, 507]",0.936419665813446,0.9500000476837158,0.9391357421875,sear_steak,cam00_0171,171,/leonardo_work/EUHPC_D21_034/proj_adags/data/n3v/sear_steak/motion_priors/masks/cam00_0171.png,/leonardo_work/EUHPC_D21_034/proj_adags/data/n3v/sear_steak/flow/cam00_0171.npz,0,0.04384475201368332,0.03565467894077301,0.6763681173324585,0.5832516551017761,0.6699257493019104,0.03124307096004486,sear_steak_boundary_004_cam00_0171
590,"[256, 416, 320, 480]",0.9234745502471924,1.0,0.938779640197754,sear_steak,cam00_0171,171,/leonardo_work/EUHPC_D21_034/proj_adags/data/n3v/sear_steak/motion_priors/masks/cam00_0171.png,/leonardo_work/EUHPC_D21_034/proj_adags/data/n3v/sear_steak/flow/cam00_0171.npz,1,0.04384475201368332,0.03565467894077301,0.6763681173324585,0.5832516551017761,0.6699257493019104,0.03124307096004486,sear_steak_boundary_005_cam00_0171
526,"[320, 160, 384, 224]",0.9199619293212891,1.0,0.9359695434570312,sear_steak,cam00_0092,92,/leonardo_work/EUHPC_D21_034/proj_adags/data/n3v/sear_steak/motion_priors/masks/cam00_0092.png,/leonardo_work/EUHPC_D21_034/proj_adags/data/n3v/sear_steak/flow/cam00_0092.npz,0,0.04719722643494606,0.029107291251420975,0.6862242221832275,0.5812588334083557,0.6632762551307678,0.030385257676243782,sear_steak_boundary_006_cam00_0092
318,"[288, 443, 352, 507]",0.9198113083839417,1.0,0.9358490467071534,sear_steak,cam00_0102,102,/leonardo_work/EUHPC_D21_034/proj_adags/data/n3v/sear_steak/motion_priors/masks/cam00_0102.png,/leonardo_work/EUHPC_D21_034/proj_adags/data/n3v/sear_steak/flow/cam00_0102.npz,0,0.03419873118400574,0.03658251836895943,0.3834424614906311,0.5835580229759216,0.6642361879348755,0.026297515258193016,sear_steak_boundary_007_cam00_0102
318,"[320, 443, 384, 507]",0.9198113083839417,1.0,0.9358490467071534,sear_steak,cam00_0102,102,/leonardo_work/EUHPC_D21_034/proj_adags/data/n3v/sear_steak/motion_priors/masks/cam00_0102.png,/leonardo_work/EUHPC_D21_034/proj_adags/data/n3v/sear_steak/flow/cam00_0102.npz,1,0.03419873118400574,0.03658251836895943,0.3834424614906311,0.5835580229759216,0.6642361879348755,0.026297515258193016,sear_steak_boundary_008_cam00_0102
498,"[320, 160, 384, 224]",0.9192771315574646,1.0,0.9354217052459717,sear_steak,cam00_0088,88,/leonardo_work/EUHPC_D21_034/proj_adags/data/n3v/sear_steak/motion_priors/masks/cam00_0088.png,/leonardo_work/EUHPC_D21_034/proj_adags/data/n3v/sear_steak/flow/cam00_0088.npz,0,0.04094744473695755,0.03184995800256729,0.49508070945739746,0.5802580714225769,0.6607787013053894,0.030691619962453842,sear_steak_boundary_009_cam00_0088
216,"[224, 288, 288, 352]",0.9173610806465149,1.0,0.9338888645172119,sear_steak,cam00_0095,95,/leonardo_work/EUHPC_D21_034/proj_adags/data/n3v/sear_steak/motion_priors/masks/cam00_0095.png,/leonardo_work/EUHPC_D21_034/proj_adags/data/n3v/sear_steak/flow/cam00_0095.npz,0,0.04076654464006424,0.03567218780517578,0.6879311203956604,0.5812267065048218,0.6631507873535156,0.030003033578395844,sear_steak_boundary_010_cam00_0095
18,"[64, 288, 128, 352]",0.9277778267860413,0.9500000476837158,0.9322222709655763,sear_steak,cam00_0099,99,/leonardo_work/EUHPC_D21_034/proj_adags/data/n3v/sear_steak/motion_priors/masks/cam00_0099.png,/leonardo_work/EUHPC_D21_034/proj_adags/data/n3v/sear_steak/flow/cam00_0099.npz,0,0.034645143896341324,0.04313282668590546,0.5162488222122192,0.5831640958786011,0.6655520796775818,0.024832813069224358,sear_steak_boundary_011_cam00_0099
280,"[224, 288, 288, 352]",0.9141072034835815,1.0,0.9312857627868654,sear_steak,cam00_0096,96,/leonardo_work/EUHPC_D21_034/proj_adags/data/n3v/sear_steak/motion_priors/masks/cam00_0096.png,/leonardo_work/EUHPC_D21_034/proj_adags/data/n3v/sear_steak/flow/cam00_0096.npz,0,0.0357247069478035,0.03407618775963783,0.7236703634262085,0.5820699334144592,0.663947343826294,0.027438348159193993,sear_steak_boundary_012_cam00_0096
914,"[288, 320, 352, 384]",0.9137855172157288,1.0,0.931028413772583,sear_steak,cam00_0171,171,/leonardo_work/EUHPC_D21_034/proj_adags/data/n3v/sear_steak/motion_priors/masks/cam00_0171.png,/leonardo_work/EUHPC_D21_034/proj_adags/data/n3v/sear_steak/flow/cam00_0171.npz,2,0.04384475201368332,0.03565467894077301,0.6763681173324585,0.5832516551017761,0.6699257493019104,0.03124307096004486,sear_steak_boundary_013_cam00_0171
529,"[320, 160, 384, 224]",0.9134215712547302,1.0,0.9307372570037842,sear_steak,cam00_0090,90,/leonardo_work/EUHPC_D21_034/proj_adags/data/n3v/sear_steak/motion_priors/masks/cam00_0090.png,/leonardo_work/EUHPC_D21_034/proj_adags/data/n3v/sear_steak/flow/cam00_0090.npz,0,0.0398503802716732,0.03264358267188072,0.5709154605865479,0.5812996625900269,0.6632295846939087,0.029261929914355278,sear_steak_boundary_014_cam00_0090
890,"[256, 384, 320, 448]",0.9130898714065552,1.0,0.9304718971252441,sear_steak,cam00_0093,93,/leonardo_work/EUHPC_D21_034/proj_adags/data/n3v/sear_steak/motion_priors/masks/cam00_0093.png,/leonardo_work/EUHPC_D21_034/proj_adags/data/n3v/sear_steak/flow/cam00_0093.npz,0,0.046231456100940704,0.03867453336715698,0.6064125895500183,0.5817461013793945,0.6636351346969604,0.03007305972278118,sear_steak_boundary_015_cam00_0093
214,"[224, 320, 288, 384]",0.913084089756012,1.0,0.9304672718048097,sear_steak,cam00_0095,95,/leonardo_work/EUHPC_D21_034/proj_adags/data/n3v/sear_steak/motion_priors/masks/cam00_0095.png,/leonardo_work/EUHPC_D21_034/proj_adags/data/n3v/sear_steak/flow/cam00_0095.npz,1,0.04076654464006424,0.03567218780517578,0.6879311203956604,0.5812267065048218,0.6631507873535156,0.030003033578395844,sear_steak_boundary_016_cam00_0095
246,"[0, 384, 64, 448]",0.9130080342292786,1.0,0.9304064273834229,sear_steak,cam00_0086,86,/leonardo_work/EUHPC_D21_034/proj_adags/data/n3v/sear_steak/motion_priors/masks/cam00_0086.png,/leonardo_work/EUHPC_D21_034/proj_adags/data/n3v/sear_steak/flow/cam00_0086.npz,1,0.03730028122663498,0.028080249205231667,0.5617567300796509,0.5800508856773376,0.661038339138031,0.03029189072549343,sear_steak_boundary_017_cam00_0086
494,"[352, 160, 416, 224]",0.9129554033279419,1.0,0.9303643226623535,sear_steak,cam00_0088,88,/leonardo_work/EUHPC_D21_034/proj_adags/data/n3v/sear_steak/motion_priors/masks/cam00_0088.png,/leonardo_work/EUHPC_D21_034/proj_adags/data/n3v/sear_steak/flow/cam00_0088.npz,1,0.04094744473695755,0.03184995800256729,0.49508070945739746,0.5802580714225769,0.6607787013053894,0.030691619962453842,sear_steak_boundary_018_cam00_0088
974,"[320, 416, 384, 480]",0.9121663570404053,1.0,0.9297330856323243,sear_steak,cam00_0102,102,/leonardo_work/EUHPC_D21_034/proj_adags/data/n3v/sear_steak/motion_priors/masks/cam00_0102.png,/leonardo_work/EUHPC_D21_034/proj_adags/data/n3v/sear_steak/flow/cam00_0102.npz,2,0.03419873118400574,0.03658251836895943,0.3834424614906311,0.5835580229759216,0.6642361879348755,0.026297515258193016,sear_steak_boundary_019_cam00_0102
204,"[256, 416, 320, 480]",0.9117646217346191,1.0,0.9294116973876954,sear_steak,cam00_0138,138,/leonardo_work/EUHPC_D21_034/proj_adags/data/n3v/sear_steak/motion_priors/masks/cam00_0138.png,/leonardo_work/EUHPC_D21_034/proj_adags/data/n3v/sear_steak/flow/cam00_0138.npz,0,0.016683589667081833,0.025358006358146667,0.6405616998672485,0.5834792256355286,0.6724350452423096,0.014973798766732216,sear_steak_boundary_020_cam00_0138
225,"[288, 160, 352, 224]",0.9102222323417664,1.0,0.928177785873413,sear_steak,cam00_0093,93,/leonardo_work/EUHPC_D21_034/proj_adags/data/n3v/sear_steak/motion_priors/masks/cam00_0093.png,/leonardo_work/EUHPC_D21_034/proj_adags/data/n3v/sear_steak/flow/cam00_0093.npz,1,0.046231456100940704,0.03867453336715698,0.6064125895500183,0.5817461013793945,0.6636351346969604,0.03007305972278118,sear_steak_boundary_021_cam00_0093
211,"[288, 160, 352, 224]",0.9097157120704651,1.0,0.9277725696563721,sear_steak,cam00_0092,92,/leonardo_work/EUHPC_D21_034/proj_adags/data/n3v/sear_steak/motion_priors/masks/cam00_0092.png,/leonardo_work/EUHPC_D21_034/proj_adags/data/n3v/sear_steak/flow/cam00_0092.npz,1,0.04719722643494606,0.029107291251420975,0.6862242221832275,0.5812588334083557,0.6632762551307678,0.030385257676243782,sear_steak_boundary_022_cam00_0092
868,"[256, 416, 320, 480]",0.9095622301101685,1.0,0.9276497840881348,sear_steak,cam00_0173,173,/leonardo_work/EUHPC_D21_034/proj_adags/data/n3v/sear_steak/motion_priors/masks/cam00_0173.png,/leonardo_work/EUHPC_D21_034/proj_adags/data/n3v/sear_steak/flow/cam00_0173.npz,0,0.03715147823095322,0.03761247918009758,0.5003501176834106,0.5835609436035156,0.6699753999710083,0.029918421059846878,sear_steak_boundary_023_cam00_0173
746,"[256, 416, 320, 480]",0.9086461663246155,1.0,0.9269169330596925,sear_steak,cam00_0172,172,/leonardo_work/EUHPC_D21_034/proj_adags/data/n3v/sear_steak/motion_priors/masks/cam00_0172.png,/leonardo_work/EUHPC_D21_034/proj_adags/data/n3v/sear_steak/flow/cam00_0172.npz,0,0.040010854601860046,0.028395364060997963,0.6030484437942505,0.5841561555862427,0.6697361469268799,0.0315319262444973,sear_steak_boundary_024_cam00_0172
577,"[256, 416, 320, 480]",0.9071056842803955,1.0,0.9256845474243165,sear_steak,cam00_0203,203,/leonardo_work/EUHPC_D21_034/proj_adags/data/n3v/sear_steak/motion_priors/masks/cam00_0203.png,/leonardo_work/EUHPC_D21_034/proj_adags/data/n3v/sear_steak/flow/cam00_0203.npz,0,0.03327672928571701,0.03111177310347557,0.5840539932250977,0.5874502658843994,0.6543917655944824,0.0273391455411911,sear_steak_boundary_025_cam00_0203
81,"[64, 416, 128, 480]",0.9061728715896606,1.0,0.9249382972717286,sear_steak,cam00_0035,35,/leonardo_work/EUHPC_D21_034/proj_adags/data/n3v/sear_steak/motion_priors/masks/cam00_0035.png,/leonardo_work/EUHPC_D21_034/proj_adags/data/n3v/sear_steak/flow/cam00_0035.npz,0,0.03053697943687439,0.028179451823234558,0.38921666145324707,0.5798875093460083,0.6456415057182312,0.0321563221514225,sear_steak_boundary_026_cam00_0035
355,"[320, 443, 384, 507]",0.904647946357727,1.0,0.9237183570861818,sear_steak,cam00_0204,204,/leonardo_work/EUHPC_D21_034/proj_adags/data/n3v/sear_steak/motion_priors/masks/cam00_0204.png,/leonardo_work/EUHPC_D21_034/proj_adags/data/n3v/sear_steak/flow/cam00_0204.npz,0,0.03419581428170204,0.03165155276656151,0.532290518283844,0.586595356464386,0.6541087627410889,0.028564592823386192,sear_steak_boundary_027_cam00_0204
222,"[256, 416, 320, 480]",0.9171169996261597,0.9500000476837158,0.9236936092376709,sear_steak,cam00_0093,93,/leonardo_work/EUHPC_D21_034/proj_adags/data/n3v/sear_steak/motion_priors/masks/cam00_0093.png,/leonardo_work/EUHPC_D21_034/proj_adags/data/n3v/sear_steak/flow/cam00_0093.npz,2,0.046231456100940704,0.03867453336715698,0.6064125895500183,0.5817461013793945,0.6636351346969604,0.03007305972278118,sear_steak_boundary_028_cam00_0093
425,"[384, 443, 448, 507]",0.9042352437973022,1.0,0.9233881950378418,sear_steak,cam00_0031,31,/leonardo_work/EUHPC_D21_034/proj_adags/data/n3v/sear_steak/motion_priors/masks/cam00_0031.png,/leonardo_work/EUHPC_D21_034/proj_adags/data/n3v/sear_steak/flow/cam00_0031.npz,0,0.03923473879694939,0.03681010380387306,0.45497938990592957,0.5797620415687561,0.6442643404006958,0.03624114394187927,sear_steak_boundary_029_cam00_0031
37,"[64, 416, 128, 480]",0.9040540456771851,1.0,0.923243236541748,sear_steak,cam00_0040,40,/leonardo_work/EUHPC_D21_034/proj_adags/data/n3v/sear_steak/motion_priors/masks/cam00_0040.png,/leonardo_work/EUHPC_D21_034/proj_adags/data/n3v/sear_steak/flow/cam00_0040.npz,0,0.015157615765929222,0.028369104489684105,0.4631578028202057,0.579613208770752,0.6498313546180725,0.024520616978406906,sear_steak_boundary_030_cam00_0040
642,"[256, 416, 320, 480]",0.9038941860198975,1.0,0.9231153488159181,sear_steak,cam00_0202,202,/leonardo_work/EUHPC_D21_034/proj_adags/data/n3v/sear_steak/motion_priors/masks/cam00_0202.png,/leonardo_work/EUHPC_D21_034/proj_adags/data/n3v/sear_steak/flow/cam00_0202.npz,0,0.03179452195763588,0.03637535870075226,0.6088985204696655,0.5868462920188904,0.6555763483047485,0.027867255732417107,sear_steak_boundary_031_cam00_0202
171,"[64, 416, 128, 480]",0.9032163619995117,1.0,0.9225730895996094,sear_steak,cam00_0007,7,/leonardo_work/EUHPC_D21_034/proj_adags/data/n3v/sear_steak/motion_priors/masks/cam00_0007.png,/leonardo_work/EUHPC_D21_034/proj_adags/data/n3v/sear_steak/flow/cam00_0007.npz,0,0.03187038376927376,0.025617683306336403,0.7197518944740295,0.5809466242790222,0.6370429396629333,0.029156891629099846,sear_steak_boundary_032_cam00_0007
496,"[320, 443, 384, 507]",0.9029233455657959,1.0,0.9223386764526367,sear_steak,cam00_0173,173,/leonardo_work/EUHPC_D21_034/proj_adags/data/n3v/sear_steak/motion_priors/masks/cam00_0173.png,/leonardo_work/EUHPC_D21_034/proj_adags/data/n3v/sear_steak/flow/cam00_0173.npz,1,0.03715147823095322,0.03761247918009758,0.5003501176834106,0.5835609436035156,0.6699753999710083,0.029918421059846878,sear_steak_boundary_033_cam00_0173
286,"[384, 384, 448, 448]",0.9022727012634277,1.0,0.9218181610107423,sear_steak,cam00_0011,11,/leonardo_work/EUHPC_D21_034/proj_adags/data/n3v/sear_steak/motion_priors/masks/cam00_0011.png,/leonardo_work/EUHPC_D21_034/proj_adags/data/n3v/sear_steak/flow/cam00_0011.npz,0,0.03708728775382042,0.033737730234861374,0.6736487746238708,0.5794206261634827,0.6392487287521362,0.031009651720523834,sear_steak_boundary_034_cam00_0011
205,"[256, 416, 320, 480]",0.902195155620575,1.0,0.92175612449646,sear_steak,cam00_0099,99,/leonardo_work/EUHPC_D21_034/proj_adags/data/n3v/sear_steak/motion_priors/masks/cam00_0099.png,/leonardo_work/EUHPC_D21_034/proj_adags/data/n3v/sear_steak/flow/cam00_0099.npz,1,0.034645143896341324,0.04313282668590546,0.5162488222122192,0.5831640958786011,0.6655520796775818,0.024832813069224358,sear_steak_boundary_035_cam00_0099
450,"[288, 443, 352, 507]",0.9018888473510742,1.0,0.9215110778808595,sear_steak,cam00_0204,204,/leonardo_work/EUHPC_D21_034/proj_adags/data/n3v/sear_steak/motion_priors/masks/cam00_0204.png,/leonardo_work/EUHPC_D21_034/proj_adags/data/n3v/sear_steak/flow/cam00_0204.npz,1,0.03419581428170204,0.03165155276656151,0.532290518283844,0.586595356464386,0.6541087627410889,0.028564592823386192,sear_steak_boundary_036_cam00_0204
