"work","status_year","source","license_note","code_availability","inspected_files_functions","mechanism_summary","failure_relevance","novelty_pressure","relevance_score","action"
"3D-4DGS","ICCV 2025 project/code","https://ohsngjun.github.io/3D-4DGS/ ; https://github.com/ohsngjun/3D-4DGS","MIT","Full trainer/model code cloned","scene/gaussian_model.py:94-151 static and 4D tensors; scene/gaussian_model.py:404-463 initialization and optimizer groups; scene/gaussian_model.py:764-832 static/dynamic densify and dynamic2static; main.py:130-316 static visibility, gradients, densify","Hybrid static 3D bank plus dynamic 4D Gaussians; converts long-temporal-scale dynamic points to static; separate static densification.","Addresses static/dynamic split and leakage partially, but temporal-scale conversion is not explicit boundary ownership or reveal memory.","Static/dynamic split is crowded prior art; ADAGS claim must be event/visibility ownership plus matched-budget reassignment, not just another split bank.","7.5","Use as comparator and fallback design pressure; do not adopt as the first overhaul."
"4C4D","2025/2026 code audit seed","https://github.com/yangzf-1023/4C4D","MIT for repo plus Gaussian-Splatting license for inherited components","Full trainer/model code cloned","gaussian_renderer/__init__.py:66-75 space/time visibility gating; gaussian_renderer/__init__.py:129-205 depth/flow outputs; scene/gaussian_model.py:584-622 opacity_decay; module/__init__.py:1-36 Coefficient MLP; train.py:130-252 visibility and densify/prune loop","Visibility and time-activity gated opacity decay with optional learned coefficient; renderer exposes depth/flow.","Relevant to static leakage and blur by changing opacity where visible/time-active, but does not allocate ownership to hidden/revealed surfaces.","Visibility-conditioned opacity is prior art; ADAGS should include a visibility-only control and avoid claiming this alone.","8.0","Use as a visibility-only comparator/control, not the selected mechanism."
"USplat4D","ICLR 2026 project/code","https://tamu-visual-ai.github.io/usplat4d/ ; https://github.com/TAMU-Visual-AI/usplat4d","MIT in USplat4d_vMoSca/LICENSE","Full code cloned","USplat4d_vMoSca/lib_ugraph/ugraph_model4.py:1-220 uncertainty graph rigidity and key/non-key interpolation; USplat4d_vMoSca/lib_mosca/dynamic_gs.py:1-180 DynSCFGaussian; profile/*/*_fit*.yaml track, ARAP, dynamic init settings","Uncertainty graph over a MoSca-like dynamic Gaussian/scaffold model; key/non-key graph interpolation and rigidity constraints.","Relevant to uncertainty/visibility calibration and motion robustness, less direct for surface reveal ownership.","Uncertainty-aware dynamic reconstruction is current SOTA; ADAGS should keep uncertainty as calibration/risk evidence after deterministic Gate A, not as a premature learned field.","7.5","Borrow calibration pressure only; do not replace the current deterministic evidence path."
"VAD-GS","2026 project/code","https://github.com/YikangZhang1641/VAD-GS","MIT","Full code cloned","lib/models/trellis.py:120-150 voxel visibility; lib/models/trellis.py:180-225 render_voxel_depth; lib/models/trellis.py:229-370 vacancy/view-pair selection; lib/models/trellis.py:437-540 depth propagation; lib/models/gaussian_model_actor.py:343-540 densify_from_depth_propagation","Voxel visibility table, vacancy detection, diverse source-view selection, and depth-propagated actor Gaussian growth.","Closest audited code to visibility-guided missing surface construction; addresses reveal/missing geometry but grows geometry and assumes actor/scene structure.","Strong novelty pressure: ADAGS needs to distinguish target-independent surface-event evidence and point-neutral reassignment from visibility-guided net growth.","9.0","Use as closest prior-art comparator; selected ADAGS claim must stay point-neutral and label-free in training."
"Proxy-GS","2025/2026 code audit seed","https://github.com/Visionary-Laboratory/Proxy-GS","Gaussian-Splatting noncommercial research license","Full code cloned","train.py:124-149 depth cache; train.py:221-259 depth/proxy visible voxel prefilter; train.py:345-404 high-loss patch anchor growth; gaussian_renderer/__init__.py:417-492 prefilter_voxel; scene/gaussian_model.py:1031-1104 anchor_growing_by_mesh","Proxy mesh/depth culling and high-loss patch guided anchor growth from depth/mesh samples.","Relevant to blur and missing high-loss regions, but it is static/proxy driven and grows anchors.","Proxy/depth growth is crowded and not matched-budget; ADAGS should only use proxy/depth as selective evidence or a quality-capacity tradeoff claim.","8.0","Use as comparator pressure; do not make net-growth the primary mechanism."
"4DGaussians","CVPR 2024 baseline/code","https://github.com/hustvl/4DGaussians","Apache-2.0","Full trainer/model code cloned","scene/deformation.py:17-215 HexPlane plus deformation MLP; scene/hexplane.py:109-181 4D HexPlane field; scene/regulation.py:24-174 TV/time regularizers; train.py and gaussian_renderer inspected via grep","HexPlane spatiotemporal deformation field predicts position, scale, rotation, opacity, and SH deltas.","General dynamic reconstruction baseline; can improve motion capacity but does not isolate ADAGS boundary leakage/reveal failure.","Generic deformation capacity is old/crowded; route0 LoRA failure should not be answered by another uncalibrated capacity sweep.","5.0","Background comparator only."
"Dynamic3DGaussians","CVPR 2024 baseline/code","https://github.com/JonathonLuiten/Dynamic3DGaussians","MIT for repo code except inherited external components","Compact full trainer code cloned","train.py:23-26 segmentation input; train.py:79-128 image/seg/rigid/rot/iso/floor/bg losses; train.py:132-169 neighbor state; train.py:206-211 densify loop; helpers.py:23-41 render variables","Persistent Gaussians with foreground segmentation, local rigidity/rotation/isometry losses, background no-harm, and densification.","Addresses some blur and static no-harm, but assumes foreground segmentation and persistent particle regularity.","Shows plain rigidity/segmentation losses are not novel enough for current ADAGS claim.","5.0","Use as historical baseline family."
"MoSca","2024/2025 project/code","https://github.com/JiahuiLei/MoSca","MIT","Full code cloned","lib_mosca/mosca.py:26-120 motion scaffold topology and certainty; lib_mosca/dynamic_gs.py:1-180 DynSCFGaussian with skinning/dynamic logits; lib_mosca/photo_recon_utils.py:560-635 error-mask dynamic growth; lib_mosca/photo_recon.py:222-469 static/dynamic photo reconstruction setup","Motion scaffold with dual-quaternion skinning, dynamic Gaussians, static model, track/ARAP losses, and error-mask growth.","Relevant to motion blur and scaffold variants, but ADAGS local evidence already found scaffold scaling negative; growth is not budget-neutral.","Scaffold claims are crowded; ADAGS should not revive scaffold scaling without a new surface-event mechanism.","7.0","Keep as design pressure and fallback support only."
"Shape of Motion","2024/2025 project/code","https://github.com/vye16/shape-of-motion","MIT","Full code cloned","flow3d/params.py:100-230 GaussianParams and MotionBases; flow3d/scene_model.py:12-180 foreground/background model and motion-basis transforms; flow3d/init_utils.py:40-116 track/background initialization; flow3d/validator.py:46-148 fg/bg metrics","Foreground and background Gaussians with motion bases initialized from 3D tracks; validation reports fg/bg metrics.","Relevant to motion capacity and fg/bg diagnostics, but not to hidden/revealed surface ownership.","Motion-basis foreground models are prior art; ADAGS needs visibility-event evidence and no-human-label training boundary.","6.5","Use for metrics/fallback comparison, not first implementation."
"RiGS","2025/2026 code audit seed","https://github.com/ladvu/RiGS","No top-level license found in clone","Full code cloned","src/scene/gaussian.py:226-305 dynamic Gaussian model with motion bases and lifespan decay; src/scene/gaussian.py:401-493 static/dynamic/transient bank routing; src/runner/fused.py:55-167 setup static and motion-base splats; src/runner/fused.py:308-440 static/dynamic/transient train loop and transient selection","Static, dynamic, and transient Gaussian banks with motion bases, temporal centers, lifespans, and separate training strategies.","Relevant to layered/transient surface memory and fast intermittent regions.","Layered/transient banks are close prior art; ADAGS should only move here if Slice B fails after Gate A, and the claim must include calibrated ownership/reassignment.","7.0","Rank as Route-3 fallback, not current selected move."
"MoE-GS","2025/2026 code audit seed","https://github.com/cvsp-lab/MoE-GS","Gaussian-Splatting noncommercial research license in clone","Full trainer/model code cloned","train_E3.py:48-135 expert imports/setup; train_E3.py:176-217 render and pixel-wise MoE fusion; scene/c_gaussian_model.py:47-221 time-padded motion tensors and interpolation; helper_model.py:60-120 time/specular MLPs; configs/N3V/*.json","Mixture of dynamic Gaussian experts with pixel-wise fusion and time-interpolated motion tensors; includes N3V configs.","May address saturation via ensemble capacity, but does not target boundary leakage causally.","Expert routing/fusion is crowded and would collide with current LoRA route0 routing failure unless isolated very carefully.","6.0","Do not select; possible external baseline only."
"AdaGaR","2025/2026 code audit seed","https://github.com/JiewenChan/Adaptive_Gabor_Video_Representation","No top-level license found in clone","Full trainer/model code cloned","model/dynamic_pchip_gabor_all.py:99-251 PCHIP/Gabor temporal point cloud; model/dynamic_pchip_gabor_all.py:407-447 re_init dynamic attributes; trainer.py:333-370 adaptive 3D flow initialization; trainer.py:496-782 RGB, curvature, optical-flow, depth, mask/DINO losses; pointrix/optimizer/point_insertion.py listed","Adaptive temporal representation with PCHIP nodes, Gabor frequency coefficients, track/depth/flow initialization, and optional semantic attributes.","Relevant to fast blur-prone high-frequency regions, less direct for static/dynamic leakage.","High-frequency temporal capacity is plausible but crowded; should be fallback after visibility ownership evidence, not first move.","6.5","Rank as high-frequency fallback for blur if ownership route passes/fails in a diagnosable way."
"PaMoSplat","2025/2026 code audit seed","https://github.com/BIT-DYN/pamosplat","No top-level license found in clone","Compact full trainer code cloned","train.py:55-69 masks/flows; train.py:130-186 image/seg/scale/iso/part/bg losses; train.py:189-423 part motion prior and flow fitting; train.py:445-692 part initialization and mask/feature clustering; train.py:733-765 train loop","Part-aware motion: SAM/feature/mask clustering, part-level rigidity, flow-assisted motion prior, and normal densification.","Relevant to blur in articulated/local motion regions, but depends on masks/features and is not an occlusion ledger.","Part-level motion is prior art; ADAGS should not claim generic part/mask motion as novel.","6.0","Fallback idea only; not selected."
"Disentangled4DGS / V4D","2025 arXiv seed/code","https://arxiv.org/abs/2503.22159 ; https://github.com/GANWANSHUI/V4D","No top-level license found in clone","Full code cloned, but volumetric grid/ray-marching rather than ADAGS-style Gaussian optimizer","lib/V4D.py:72-205 density/RGB grids and MLPs; lib/V4D.py:407-450 occupancy alpha; lib/V4D.py:543-631 ray marching; run.py:52-109 static_type/view/depth config flags","Volumetric 4D grid with density/RGB feature factorization and temporal rays.","Relevant as disentanglement prior art, but not a drop-in Gaussian representation for ADAGS.","Crowds generic static/dynamic disentanglement; ADAGS needs event ownership to be distinctive.","5.0","Do not port; cite as prior-art pressure."
"DepthRegularizedGS","2024 depth-control baseline/code","https://github.com/robot0321/DepthRegularizedGS","Gaussian-Splatting noncommercial research license","Full code cloned","train.py:40-119 depth-supervised and canny depth regularization losses; train.py:156-167 depth-aware densify/reset conditions; scene/dataset_readers.py:132-155 ZoeDepth alignment; scene/dataset_readers.py:417-458 unproject full depth","Monocular/SfM-aligned depth supervision and depth edge regularization for 3DGS.","Can reduce geometry ambiguity, but global depth loss does not specifically fix dynamic boundary leakage or reveal ownership.","Global depth regularization is not enough novelty; use only selectively where representation ambiguity demands it.","3.5","Use as negative/control pressure against global depth-loss-first route."
"DepthSplat","2024/2025 feed-forward code","https://github.com/cvg/depthsplat","MIT","Full code cloned","src/model/encoder/encoder_depthsplat.py:76-138 depth predictor and Gaussian head; src/model/encoder/encoder_depthsplat.py:161-377 depth-to-Gaussian forward path; src/model/encoder/common/gaussian_adapter.py:54-95 depth/ray Gaussian adapter; src/model/decoder/*.py listed","Learned multiview/monodepth encoder predicts per-pixel Gaussians from depth and image features.","Useful for geometry seeding, but it is a feed-forward reconstruction system rather than ADAGS optimizer-side mechanism.","Full replacement would be a different paper; not a targeted ADAGS representation patch.","3.5","Do not select; possible sidecar/evidence inspiration only."
"Ground4D","2026 project/code","https://github.com/wsnbws/Ground4D","MIT","Full code cloned; task focus is grounding/feed-forward 4D","ground4d/models/vggt.py:11-60 Gaussian/track/dynamic-conf heads; ground4d/models/vggt.py:126-144 dynamic confidence and track outputs; ground4d/models/sky.py:170-323 SkyGaussian background rendering; ground4d/models/projector.py:36-169 projection masks and depth consistency","Feed-forward 4D grounding/reconstruction stack with Gaussian heads, track head, dynamic confidence, projection masks, and sky/background Gaussian.","Relevant for learned dynamic confidence and projection masks, but not ADAGS fixed-budget optimizer transaction.","Learned grounding/dynamic-confidence is adjacent; ADAGS should keep annotations/evaluator separate from training.","4.5","Use as adjacent evidence only."
"HAIF-GS","2025 project page/repo","https://github.com/EchoPickle/HAIF-GS","MIT","Repository clone contains README/assets/license only","README.md and assets/framework.png only","Advertised high-level idea but no auditable implementation in clone.","Cannot score implementation mechanics beyond paper/project claims.","No code to reuse; do not rely on it for implementation feasibility.","2.0","Code unavailable/minimal; exclude from implementation selection."
"Multi4D","2025 project page/repo","https://github.com/BatFaceWayne/Multi4D","GPL-3.0","Repository clone contains README/assets/license only","README.md and assets/pipeline.png/teaser.jpg only","Advertised multi-view 4D direction, but no auditable implementation in clone.","Potentially relevant at paper level, not for code synthesis.","GPL and no code make it unsuitable for direct ADAGS reuse.","2.0","Paper-level context only."
"MEGA","2025/2026 project page/repo","https://github.com/Xinjie-Q/MEGA","No top-level license found in clone","Repository clone contains README/images only","README.md and img/*.png only","Advertised mechanism cannot be audited from code in clone.","No implementation evidence for ADAGS decision.","Do not use for implementation justification.","1.5","Exclude from implementation selection."
"OccluGaussian","2025/2026 project page/repo","https://github.com/OccluGaussian/OccluGaussian","No top-level license found in clone","Repository clone contains README only","README.md only","Occlusion-focused title is relevant, but no auditable code in clone.","Could be thematically relevant to hidden/revealed regions, but no implementation evidence.","Cannot justify ADAGS overhaul from unavailable code.","2.0","Paper-level watch item only."
"PackUV","2025/2026 project page/repo","https://github.com/brown-ivl/packuv","No explicit source license found in clone","Website/PDF/assets only","README.md; asset/packuv.pdf; index.html","Static/UV packaging direction; no auditable optimizer code in clone.","Low direct relevance to dynamic N3V failure modes.","No implementation basis for ADAGS.","2.0","Paper-level context only."
"Prior-Enhanced Gaussian Splatting","2026 project page","https://priorenhancedgaussian.github.io/","Code listed as coming soon on project page during audit","No code cloned","Project page only","Prior-enhanced Gaussian reconstruction appears relevant to prior-guided geometry, but code was unavailable during audit.","Could inform future prior/evidence design, but cannot support implementation now.","Unavailable code prevents mechanism selection.","2.0","Recheck only if code becomes available."
