area,bbox_xyxy,mean_score,peak_score,component_score,scene,camera,image_name,frame_idx,depth_source,mask_source,flow_source,local_component_rank,depth_edge_mean,temporal_depth_mean,confidence_edge_mean,low_confidence_mean,occlusion_gate_mean,mask_boundary_mean,flow_valid_boundary_mean,flow_mag_boundary_mean,dynamic_boundary_mean,static_delta_boundary_mean,flicker_boundary_mean,component_id
47,"[320, 192, 384, 256]",0.9854750037193298,1.0,0.9883800029754639,cut_roasted_beef,cam00,cam00_0062,62,/leonardo_work/EUHPC_D21_034/proj_adags/repo/adags/refine-logs/depth_occlusion_support/r031_da3_depth_full/depth_npz/cut_roasted_beef/cam00_0062.npz,/leonardo_work/EUHPC_D21_034/proj_adags/data/n3v/cut_roasted_beef/motion_priors/masks/cam00_0062.png,/leonardo_work/EUHPC_D21_034/proj_adags/data/n3v/cut_roasted_beef/flow/cam00_0062.npz,0,0.18464840948581696,0.5087292790412903,0.33076995611190796,0.46884748339653015,0.3126724064350128,0.01844298094511032,0.021760443225502968,0.7104501724243164,0.5475677847862244,0.6591476798057556,0.026236243546009064,cut_roasted_beef_depth_001_cam00_0062
19,"[320, 160, 384, 224]",0.9854730367660522,1.0,0.9883784294128419,cut_roasted_beef,cam00,cam00_0258,258,/leonardo_work/EUHPC_D21_034/proj_adags/repo/adags/refine-logs/depth_occlusion_support/r031_da3_depth_full/depth_npz/cut_roasted_beef/cam00_0258.npz,/leonardo_work/EUHPC_D21_034/proj_adags/data/n3v/cut_roasted_beef/motion_priors/masks/cam00_0258.png,/leonardo_work/EUHPC_D21_034/proj_adags/data/n3v/cut_roasted_beef/flow/cam00_0258.npz,0,0.1879161149263382,0.30346664786338806,0.2971084713935852,0.4858786463737488,0.3384030759334564,0.053619153797626495,0.048495616763830185,0.30214861035346985,0.554202675819397,0.6654704213142395,0.0474218912422657,cut_roasted_beef_depth_002_cam00_0258
77,"[352, 192, 416, 256]",0.9811438918113708,1.0,0.9849151134490968,cut_roasted_beef,cam00,cam00_0062,62,/leonardo_work/EUHPC_D21_034/proj_adags/repo/adags/refine-logs/depth_occlusion_support/r031_da3_depth_full/depth_npz/cut_roasted_beef/cam00_0062.npz,/leonardo_work/EUHPC_D21_034/proj_adags/data/n3v/cut_roasted_beef/motion_priors/masks/cam00_0062.png,/leonardo_work/EUHPC_D21_034/proj_adags/data/n3v/cut_roasted_beef/flow/cam00_0062.npz,1,0.18464840948581696,0.5087292790412903,0.33076995611190796,0.46884748339653015,0.3126724064350128,0.01844298094511032,0.021760443225502968,0.7104501724243164,0.5475677847862244,0.6591476798057556,0.026236243546009064,cut_roasted_beef_depth_003_cam00_0062
50,"[416, 160, 480, 224]",0.9774050712585449,1.0,0.9819240570068359,cut_roasted_beef,cam00,cam00_0267,267,/leonardo_work/EUHPC_D21_034/proj_adags/repo/adags/refine-logs/depth_occlusion_support/r031_da3_depth_full/depth_npz/cut_roasted_beef/cam00_0267.npz,/leonardo_work/EUHPC_D21_034/proj_adags/data/n3v/cut_roasted_beef/motion_priors/masks/cam00_0267.png,/leonardo_work/EUHPC_D21_034/proj_adags/data/n3v/cut_roasted_beef/flow/cam00_0267.npz,0,0.18806783854961395,0.37748682498931885,0.31597647070884705,0.47196945548057556,0.3303683400154114,0.03787507489323616,0.03910927474498749,0.41963401436805725,0.5577214956283569,0.6700162291526794,0.039529427886009216,cut_roasted_beef_depth_004_cam00_0267
20,"[352, 160, 416, 224]",0.9772980809211731,1.0,0.9818384647369385,cut_roasted_beef,cam00,cam00_0279,279,/leonardo_work/EUHPC_D21_034/proj_adags/repo/adags/refine-logs/depth_occlusion_support/r031_da3_depth_full/depth_npz/cut_roasted_beef/cam00_0279.npz,/leonardo_work/EUHPC_D21_034/proj_adags/data/n3v/cut_roasted_beef/motion_priors/masks/cam00_0279.png,/leonardo_work/EUHPC_D21_034/proj_adags/data/n3v/cut_roasted_beef/flow/cam00_0279.npz,0,0.18080078065395355,0.37106063961982727,0.2517089545726776,0.44021496176719666,0.3224843442440033,0.026942333206534386,0.03339052200317383,0.41619691252708435,0.5563560128211975,0.6674544811248779,0.029384475201368332,cut_roasted_beef_depth_005_cam00_0279
30,"[384, 192, 448, 256]",0.9743583798408508,1.0,0.9794867038726807,cut_roasted_beef,cam00,cam00_0062,62,/leonardo_work/EUHPC_D21_034/proj_adags/repo/adags/refine-logs/depth_occlusion_support/r031_da3_depth_full/depth_npz/cut_roasted_beef/cam00_0062.npz,/leonardo_work/EUHPC_D21_034/proj_adags/data/n3v/cut_roasted_beef/motion_priors/masks/cam00_0062.png,/leonardo_work/EUHPC_D21_034/proj_adags/data/n3v/cut_roasted_beef/flow/cam00_0062.npz,2,0.18464840948581696,0.5087292790412903,0.33076995611190796,0.46884748339653015,0.3126724064350128,0.01844298094511032,0.021760443225502968,0.7104501724243164,0.5475677847862244,0.6591476798057556,0.026236243546009064,cut_roasted_beef_depth_006_cam00_0062
52,"[384, 192, 448, 256]",0.9696372747421265,1.0,0.9757098197937013,cut_roasted_beef,cam00,cam00_0047,47,/leonardo_work/EUHPC_D21_034/proj_adags/repo/adags/refine-logs/depth_occlusion_support/r031_da3_depth_full/depth_npz/cut_roasted_beef/cam00_0047.npz,/leonardo_work/EUHPC_D21_034/proj_adags/data/n3v/cut_roasted_beef/motion_priors/masks/cam00_0047.png,/leonardo_work/EUHPC_D21_034/proj_adags/data/n3v/cut_roasted_beef/flow/cam00_0047.npz,0,0.1768738031387329,0.6458752751350403,0.31113767623901367,0.4162147343158722,0.31650152802467346,0.025778159499168396,0.035214103758335114,0.5139729976654053,0.5436084270477295,0.6556843519210815,0.030347326770424843,cut_roasted_beef_depth_007_cam00_0047
59,"[384, 160, 448, 224]",0.9685095548629761,1.0,0.974807643890381,cut_roasted_beef,cam00,cam00_0254,254,/leonardo_work/EUHPC_D21_034/proj_adags/repo/adags/refine-logs/depth_occlusion_support/r031_da3_depth_full/depth_npz/cut_roasted_beef/cam00_0254.npz,/leonardo_work/EUHPC_D21_034/proj_adags/data/n3v/cut_roasted_beef/motion_priors/masks/cam00_0254.png,/leonardo_work/EUHPC_D21_034/proj_adags/data/n3v/cut_roasted_beef/flow/cam00_0254.npz,0,0.18443907797336578,0.40903010964393616,0.30569157004356384,0.4955759346485138,0.3347087502479553,0.0529889240860939,0.043908942490816116,0.2031441479921341,0.5527438521385193,0.6659489274024963,0.044722989201545715,cut_roasted_beef_depth_008_cam00_0254
32,"[416, 160, 480, 224]",0.9664248824119568,1.0,0.9731399059295656,cut_roasted_beef,cam00,cam00_0263,263,/leonardo_work/EUHPC_D21_034/proj_adags/repo/adags/refine-logs/depth_occlusion_support/r031_da3_depth_full/depth_npz/cut_roasted_beef/cam00_0263.npz,/leonardo_work/EUHPC_D21_034/proj_adags/data/n3v/cut_roasted_beef/motion_priors/masks/cam00_0263.png,/leonardo_work/EUHPC_D21_034/proj_adags/data/n3v/cut_roasted_beef/flow/cam00_0263.npz,0,0.18436956405639648,0.4328606128692627,0.2767837345600128,0.4959595799446106,0.3367772698402405,0.05345867946743965,0.04776034876704216,0.3126232624053955,0.5552851557731628,0.6675565838813782,0.04479009658098221,cut_roasted_beef_depth_009_cam00_0263
114,"[384, 160, 448, 224]",0.9661045670509338,1.0,0.972883653640747,cut_roasted_beef,cam00,cam00_0267,267,/leonardo_work/EUHPC_D21_034/proj_adags/repo/adags/refine-logs/depth_occlusion_support/r031_da3_depth_full/depth_npz/cut_roasted_beef/cam00_0267.npz,/leonardo_work/EUHPC_D21_034/proj_adags/data/n3v/cut_roasted_beef/motion_priors/masks/cam00_0267.png,/leonardo_work/EUHPC_D21_034/proj_adags/data/n3v/cut_roasted_beef/flow/cam00_0267.npz,1,0.18806783854961395,0.37748682498931885,0.31597647070884705,0.47196945548057556,0.3303683400154114,0.03787507489323616,0.03910927474498749,0.41963401436805725,0.5577214956283569,0.6700162291526794,0.039529427886009216,cut_roasted_beef_depth_010_cam00_0267
36,"[320, 192, 384, 256]",0.9654769897460938,1.0,0.972381591796875,cut_roasted_beef,cam00,cam00_0052,52,/leonardo_work/EUHPC_D21_034/proj_adags/repo/adags/refine-logs/depth_occlusion_support/r031_da3_depth_full/depth_npz/cut_roasted_beef/cam00_0052.npz,/leonardo_work/EUHPC_D21_034/proj_adags/data/n3v/cut_roasted_beef/motion_priors/masks/cam00_0052.png,/leonardo_work/EUHPC_D21_034/proj_adags/data/n3v/cut_roasted_beef/flow/cam00_0052.npz,0,0.17410947382450104,0.37893038988113403,0.28957992792129517,0.4637349247932434,0.31744176149368286,0.025935716927051544,0.036783844232559204,0.5174042582511902,0.5450118184089661,0.6571111083030701,0.029352379962801933,cut_roasted_beef_depth_011_cam00_0052
44,"[352, 160, 416, 224]",0.964009702205658,1.0,0.9712077617645265,cut_roasted_beef,cam00,cam00_0272,272,/leonardo_work/EUHPC_D21_034/proj_adags/repo/adags/refine-logs/depth_occlusion_support/r031_da3_depth_full/depth_npz/cut_roasted_beef/cam00_0272.npz,/leonardo_work/EUHPC_D21_034/proj_adags/data/n3v/cut_roasted_beef/motion_priors/masks/cam00_0272.png,/leonardo_work/EUHPC_D21_034/proj_adags/data/n3v/cut_roasted_beef/flow/cam00_0272.npz,0,0.18439145386219025,0.37252867221832275,0.3197932541370392,0.47977837920188904,0.3277328610420227,0.03381359204649925,0.04139677807688713,0.41850191354751587,0.5556178092956543,0.6707456707954407,0.034324195235967636,cut_roasted_beef_depth_012_cam00_0272
80,"[320, 160, 384, 224]",0.9634675979614258,1.0,0.9707740783691408,cut_roasted_beef,cam00,cam00_0253,253,/leonardo_work/EUHPC_D21_034/proj_adags/repo/adags/refine-logs/depth_occlusion_support/r031_da3_depth_full/depth_npz/cut_roasted_beef/cam00_0253.npz,/leonardo_work/EUHPC_D21_034/proj_adags/data/n3v/cut_roasted_beef/motion_priors/masks/cam00_0253.png,/leonardo_work/EUHPC_D21_034/proj_adags/data/n3v/cut_roasted_beef/flow/cam00_0253.npz,0,0.15446220338344574,0.3394767940044403,0.2863962948322296,0.47643670439720154,0.33767080307006836,0.052519168704748154,0.054412778466939926,0.22337861359119415,0.5521340370178223,0.666199803352356,0.044871795922517776,cut_roasted_beef_depth_013_cam00_0253
58,"[416, 160, 480, 224]",0.9632725715637207,1.0,0.9706180572509766,cut_roasted_beef,cam00,cam00_0266,266,/leonardo_work/EUHPC_D21_034/proj_adags/repo/adags/refine-logs/depth_occlusion_support/r031_da3_depth_full/depth_npz/cut_roasted_beef/cam00_0266.npz,/leonardo_work/EUHPC_D21_034/proj_adags/data/n3v/cut_roasted_beef/motion_priors/masks/cam00_0266.png,/leonardo_work/EUHPC_D21_034/proj_adags/data/n3v/cut_roasted_beef/flow/cam00_0266.npz,0,0.1875329166650772,0.46323585510253906,0.31586772203445435,0.4703616797924042,0.3324621021747589,0.044340766966342926,0.041694384068250656,0.4495728313922882,0.556580662727356,0.6697098612785339,0.04206201806664467,cut_roasted_beef_depth_014_cam00_0266
44,"[416, 160, 480, 224]",0.9632300734519958,1.0,0.9705840587615968,cut_roasted_beef,cam00,cam00_0264,264,/leonardo_work/EUHPC_D21_034/proj_adags/repo/adags/refine-logs/depth_occlusion_support/r031_da3_depth_full/depth_npz/cut_roasted_beef/cam00_0264.npz,/leonardo_work/EUHPC_D21_034/proj_adags/data/n3v/cut_roasted_beef/motion_priors/masks/cam00_0264.png,/leonardo_work/EUHPC_D21_034/proj_adags/data/n3v/cut_roasted_beef/flow/cam00_0264.npz,0,0.18433211743831635,0.4983975291252136,0.3257521390914917,0.471000999212265,0.33805322647094727,0.05187143385410309,0.05085022747516632,0.23963621258735657,0.5555915236473083,0.6686098575592041,0.04519566148519516,cut_roasted_beef_depth_015_cam00_0264
46,"[320, 192, 384, 256]",0.9628480076789856,1.0,0.9702784061431886,cut_roasted_beef,cam00,cam00_0278,278,/leonardo_work/EUHPC_D21_034/proj_adags/repo/adags/refine-logs/depth_occlusion_support/r031_da3_depth_full/depth_npz/cut_roasted_beef/cam00_0278.npz,/leonardo_work/EUHPC_D21_034/proj_adags/data/n3v/cut_roasted_beef/motion_priors/masks/cam00_0278.png,/leonardo_work/EUHPC_D21_034/proj_adags/data/n3v/cut_roasted_beef/flow/cam00_0278.npz,0,0.18125835061073303,0.33801960945129395,0.2564683258533478,0.46154147386550903,0.32279887795448303,0.027937280014157295,0.033699799329042435,0.5271961688995361,0.5554631352424622,0.6658059358596802,0.031152620911598206,cut_roasted_beef_depth_016_cam00_0278
135,"[352, 160, 416, 224]",0.9597145318984985,1.0,0.9677716255187989,cut_roasted_beef,cam00,cam00_0258,258,/leonardo_work/EUHPC_D21_034/proj_adags/repo/adags/refine-logs/depth_occlusion_support/r031_da3_depth_full/depth_npz/cut_roasted_beef/cam00_0258.npz,/leonardo_work/EUHPC_D21_034/proj_adags/data/n3v/cut_roasted_beef/motion_priors/masks/cam00_0258.png,/leonardo_work/EUHPC_D21_034/proj_adags/data/n3v/cut_roasted_beef/flow/cam00_0258.npz,1,0.1879161149263382,0.30346664786338806,0.2971084713935852,0.4858786463737488,0.3384030759334564,0.053619153797626495,0.048495616763830185,0.30214861035346985,0.554202675819397,0.6654704213142395,0.0474218912422657,cut_roasted_beef_depth_017_cam00_0258
82,"[320, 192, 384, 256]",0.9593230485916138,1.0,0.967458438873291,cut_roasted_beef,cam00,cam00_0279,279,/leonardo_work/EUHPC_D21_034/proj_adags/repo/adags/refine-logs/depth_occlusion_support/r031_da3_depth_full/depth_npz/cut_roasted_beef/cam00_0279.npz,/leonardo_work/EUHPC_D21_034/proj_adags/data/n3v/cut_roasted_beef/motion_priors/masks/cam00_0279.png,/leonardo_work/EUHPC_D21_034/proj_adags/data/n3v/cut_roasted_beef/flow/cam00_0279.npz,1,0.18080078065395355,0.37106063961982727,0.2517089545726776,0.44021496176719666,0.3224843442440033,0.026942333206534386,0.03339052200317383,0.41619691252708435,0.5563560128211975,0.6674544811248779,0.029384475201368332,cut_roasted_beef_depth_018_cam00_0279
56,"[320, 160, 384, 224]",0.9588766694068909,1.0,0.9671013355255127,cut_roasted_beef,cam00,cam00_0246,246,/leonardo_work/EUHPC_D21_034/proj_adags/repo/adags/refine-logs/depth_occlusion_support/r031_da3_depth_full/depth_npz/cut_roasted_beef/cam00_0246.npz,/leonardo_work/EUHPC_D21_034/proj_adags/data/n3v/cut_roasted_beef/motion_priors/masks/cam00_0246.png,/leonardo_work/EUHPC_D21_034/proj_adags/data/n3v/cut_roasted_beef/flow/cam00_0246.npz,0,0.1585690677165985,0.5581226348876953,0.2582542896270752,0.4717525243759155,0.32610243558883667,0.037702929228544235,0.038954634219408035,0.21304401755332947,0.5499866008758545,0.666299045085907,0.037664998322725296,cut_roasted_beef_depth_019_cam00_0246
28,"[320, 192, 384, 256]",0.9588635563850403,1.0,0.9670908451080322,cut_roasted_beef,cam00,cam00_0049,49,/leonardo_work/EUHPC_D21_034/proj_adags/repo/adags/refine-logs/depth_occlusion_support/r031_da3_depth_full/depth_npz/cut_roasted_beef/cam00_0049.npz,/leonardo_work/EUHPC_D21_034/proj_adags/data/n3v/cut_roasted_beef/motion_priors/masks/cam00_0049.png,/leonardo_work/EUHPC_D21_034/proj_adags/data/n3v/cut_roasted_beef/flow/cam00_0049.npz,0,0.1850423365831375,0.4534516930580139,0.2969658374786377,0.4565400779247284,0.32110437750816345,0.03489607200026512,0.04071986302733421,0.5003501176834106,0.5430335998535156,0.6561803221702576,0.032780714333057404,cut_roasted_beef_depth_020_cam00_0049
132,"[352, 160, 416, 224]",0.9588204622268677,1.0,0.9670563697814942,cut_roasted_beef,cam00,cam00_0254,254,/leonardo_work/EUHPC_D21_034/proj_adags/repo/adags/refine-logs/depth_occlusion_support/r031_da3_depth_full/depth_npz/cut_roasted_beef/cam00_0254.npz,/leonardo_work/EUHPC_D21_034/proj_adags/data/n3v/cut_roasted_beef/motion_priors/masks/cam00_0254.png,/leonardo_work/EUHPC_D21_034/proj_adags/data/n3v/cut_roasted_beef/flow/cam00_0254.npz,1,0.18443907797336578,0.40903010964393616,0.30569157004356384,0.4955759346485138,0.3347087502479553,0.0529889240860939,0.043908942490816116,0.2031441479921341,0.5527438521385193,0.6659489274024963,0.044722989201545715,cut_roasted_beef_depth_021_cam00_0254
128,"[384, 160, 448, 224]",0.9582712650299072,1.0,0.9666170120239259,cut_roasted_beef,cam00,cam00_0266,266,/leonardo_work/EUHPC_D21_034/proj_adags/repo/adags/refine-logs/depth_occlusion_support/r031_da3_depth_full/depth_npz/cut_roasted_beef/cam00_0266.npz,/leonardo_work/EUHPC_D21_034/proj_adags/data/n3v/cut_roasted_beef/motion_priors/masks/cam00_0266.png,/leonardo_work/EUHPC_D21_034/proj_adags/data/n3v/cut_roasted_beef/flow/cam00_0266.npz,1,0.1875329166650772,0.46323585510253906,0.31586772203445435,0.4703616797924042,0.3324621021747589,0.044340766966342926,0.041694384068250656,0.4495728313922882,0.556580662727356,0.6697098612785339,0.04206201806664467,cut_roasted_beef_depth_022_cam00_0266
26,"[384, 192, 448, 256]",0.9578251242637634,1.0,0.9662600994110109,cut_roasted_beef,cam00,cam00_0085,85,/leonardo_work/EUHPC_D21_034/proj_adags/repo/adags/refine-logs/depth_occlusion_support/r031_da3_depth_full/depth_npz/cut_roasted_beef/cam00_0085.npz,/leonardo_work/EUHPC_D21_034/proj_adags/data/n3v/cut_roasted_beef/motion_priors/masks/cam00_0085.png,/leonardo_work/EUHPC_D21_034/proj_adags/data/n3v/cut_roasted_beef/flow/cam00_0085.npz,0,0.17813779413700104,0.42585518956184387,0.32244253158569336,0.45636245608329773,0.3216831386089325,0.02499328926205635,0.03567218780517578,0.4977533519268036,0.5541093349456787,0.6632471084594727,0.032573554664850235,cut_roasted_beef_depth_023_cam00_0085
64,"[352, 160, 416, 224]",0.9572759866714478,1.0,0.9658207893371582,cut_roasted_beef,cam00,cam00_0267,267,/leonardo_work/EUHPC_D21_034/proj_adags/repo/adags/refine-logs/depth_occlusion_support/r031_da3_depth_full/depth_npz/cut_roasted_beef/cam00_0267.npz,/leonardo_work/EUHPC_D21_034/proj_adags/data/n3v/cut_roasted_beef/motion_priors/masks/cam00_0267.png,/leonardo_work/EUHPC_D21_034/proj_adags/data/n3v/cut_roasted_beef/flow/cam00_0267.npz,2,0.18806783854961395,0.37748682498931885,0.31597647070884705,0.47196945548057556,0.3303683400154114,0.03787507489323616,0.03910927474498749,0.41963401436805725,0.5577214956283569,0.6700162291526794,0.039529427886009216,cut_roasted_beef_depth_024_cam00_0267
87,"[320, 160, 384, 224]",0.9563378691673279,1.0,0.9650702953338623,cut_roasted_beef,cam00,cam00_0252,252,/leonardo_work/EUHPC_D21_034/proj_adags/repo/adags/refine-logs/depth_occlusion_support/r031_da3_depth_full/depth_npz/cut_roasted_beef/cam00_0252.npz,/leonardo_work/EUHPC_D21_034/proj_adags/data/n3v/cut_roasted_beef/motion_priors/masks/cam00_0252.png,/leonardo_work/EUHPC_D21_034/proj_adags/data/n3v/cut_roasted_beef/flow/cam00_0252.npz,0,0.18364112079143524,0.5175129771232605,0.2815692126750946,0.478706032037735,0.33366188406944275,0.05037463828921318,0.04514022544026375,0.216215580701828,0.552533745765686,0.6658759713172913,0.04511396586894989,cut_roasted_beef_depth_025_cam00_0252
54,"[320, 192, 384, 256]",0.9556487798690796,1.0,0.9645190238952637,cut_roasted_beef,cam00,cam00_0063,63,/leonardo_work/EUHPC_D21_034/proj_adags/repo/adags/refine-logs/depth_occlusion_support/r031_da3_depth_full/depth_npz/cut_roasted_beef/cam00_0063.npz,/leonardo_work/EUHPC_D21_034/proj_adags/data/n3v/cut_roasted_beef/motion_priors/masks/cam00_0063.png,/leonardo_work/EUHPC_D21_034/proj_adags/data/n3v/cut_roasted_beef/flow/cam00_0063.npz,0,0.18594734370708466,0.39041638374328613,0.3291914761066437,0.47083786129951477,0.3104177713394165,0.017427610233426094,0.01951962523162365,0.5879375338554382,0.5482038259506226,0.6601426005363464,0.02685188502073288,cut_roasted_beef_depth_026_cam00_0063
116,"[384, 160, 448, 224]",0.9554954767227173,1.0,0.964396381378174,cut_roasted_beef,cam00,cam00_0258,258,/leonardo_work/EUHPC_D21_034/proj_adags/repo/adags/refine-logs/depth_occlusion_support/r031_da3_depth_full/depth_npz/cut_roasted_beef/cam00_0258.npz,/leonardo_work/EUHPC_D21_034/proj_adags/data/n3v/cut_roasted_beef/motion_priors/masks/cam00_0258.png,/leonardo_work/EUHPC_D21_034/proj_adags/data/n3v/cut_roasted_beef/flow/cam00_0258.npz,2,0.1879161149263382,0.30346664786338806,0.2971084713935852,0.4858786463737488,0.3384030759334564,0.053619153797626495,0.048495616763830185,0.30214861035346985,0.554202675819397,0.6654704213142395,0.0474218912422657,cut_roasted_beef_depth_027_cam00_0258
41,"[256, 256, 320, 320]",0.9553895592689514,1.0,0.9643116474151612,cut_roasted_beef,cam00,cam00_0029,29,/leonardo_work/EUHPC_D21_034/proj_adags/repo/adags/refine-logs/depth_occlusion_support/r031_da3_depth_full/depth_npz/cut_roasted_beef/cam00_0029.npz,/leonardo_work/EUHPC_D21_034/proj_adags/data/n3v/cut_roasted_beef/motion_priors/masks/cam00_0029.png,/leonardo_work/EUHPC_D21_034/proj_adags/data/n3v/cut_roasted_beef/flow/cam00_0029.npz,0,0.181000754237175,0.3713095784187317,0.28987446427345276,0.4992501437664032,0.3157493472099304,0.028868036344647408,0.023627791553735733,0.5069966912269592,0.5466749668121338,0.6527899503707886,0.030084731057286263,cut_roasted_beef_depth_028_cam00_0029
87,"[352, 160, 416, 224]",0.9553591012954712,1.0,0.964287281036377,cut_roasted_beef,cam00,cam00_0248,248,/leonardo_work/EUHPC_D21_034/proj_adags/repo/adags/refine-logs/depth_occlusion_support/r031_da3_depth_full/depth_npz/cut_roasted_beef/cam00_0248.npz,/leonardo_work/EUHPC_D21_034/proj_adags/data/n3v/cut_roasted_beef/motion_priors/masks/cam00_0248.png,/leonardo_work/EUHPC_D21_034/proj_adags/data/n3v/cut_roasted_beef/flow/cam00_0248.npz,0,0.15712295472621918,0.2873978018760681,0.3019305169582367,0.4783220887184143,0.3290853798389435,0.041563086211681366,0.0404776893556118,0.14110150933265686,0.5503658652305603,0.6653011441230774,0.03909760341048241,cut_roasted_beef_depth_029_cam00_0248
81,"[320, 160, 384, 224]",0.9548203945159912,1.0,0.9638563156127931,cut_roasted_beef,cam00,cam00_0248,248,/leonardo_work/EUHPC_D21_034/proj_adags/repo/adags/refine-logs/depth_occlusion_support/r031_da3_depth_full/depth_npz/cut_roasted_beef/cam00_0248.npz,/leonardo_work/EUHPC_D21_034/proj_adags/data/n3v/cut_roasted_beef/motion_priors/masks/cam00_0248.png,/leonardo_work/EUHPC_D21_034/proj_adags/data/n3v/cut_roasted_beef/flow/cam00_0248.npz,1,0.15712295472621918,0.2873978018760681,0.3019305169582367,0.4783220887184143,0.3290853798389435,0.041563086211681366,0.0404776893556118,0.14110150933265686,0.5503658652305603,0.6653011441230774,0.03909760341048241,cut_roasted_beef_depth_030_cam00_0248
31,"[320, 192, 384, 256]",0.9545941352844238,1.0,0.9636753082275391,cut_roasted_beef,cam00,cam00_0050,50,/leonardo_work/EUHPC_D21_034/proj_adags/repo/adags/refine-logs/depth_occlusion_support/r031_da3_depth_full/depth_npz/cut_roasted_beef/cam00_0050.npz,/leonardo_work/EUHPC_D21_034/proj_adags/data/n3v/cut_roasted_beef/motion_priors/masks/cam00_0050.png,/leonardo_work/EUHPC_D21_034/proj_adags/data/n3v/cut_roasted_beef/flow/cam00_0050.npz,0,0.1799466460943222,0.30506789684295654,0.31038182973861694,0.46917542815208435,0.32149094343185425,0.03193749114871025,0.03707269951701164,0.7168720960617065,0.5437076091766357,0.6561453342437744,0.03404701128602028,cut_roasted_beef_depth_031_cam00_0050
48,"[416, 160, 480, 224]",0.9543089866638184,1.0,0.9634471893310548,cut_roasted_beef,cam00,cam00_0270,270,/leonardo_work/EUHPC_D21_034/proj_adags/repo/adags/refine-logs/depth_occlusion_support/r031_da3_depth_full/depth_npz/cut_roasted_beef/cam00_0270.npz,/leonardo_work/EUHPC_D21_034/proj_adags/data/n3v/cut_roasted_beef/motion_priors/masks/cam00_0270.png,/leonardo_work/EUHPC_D21_034/proj_adags/data/n3v/cut_roasted_beef/flow/cam00_0270.npz,0,0.18537311255931854,0.3372499942779541,0.27077561616897583,0.49917182326316833,0.32777461409568787,0.032891590148210526,0.03796260803937912,0.2959688603878021,0.5563560128211975,0.6690533757209778,0.03335259109735489,cut_roasted_beef_depth_032_cam00_0270
70,"[352, 160, 416, 224]",0.9541271924972534,1.0,0.9633017539978028,cut_roasted_beef,cam00,cam00_0266,266,/leonardo_work/EUHPC_D21_034/proj_adags/repo/adags/refine-logs/depth_occlusion_support/r031_da3_depth_full/depth_npz/cut_roasted_beef/cam00_0266.npz,/leonardo_work/EUHPC_D21_034/proj_adags/data/n3v/cut_roasted_beef/motion_priors/masks/cam00_0266.png,/leonardo_work/EUHPC_D21_034/proj_adags/data/n3v/cut_roasted_beef/flow/cam00_0266.npz,2,0.1875329166650772,0.46323585510253906,0.31586772203445435,0.4703616797924042,0.3324621021747589,0.044340766966342926,0.041694384068250656,0.4495728313922882,0.556580662727356,0.6697098612785339,0.04206201806664467,cut_roasted_beef_depth_033_cam00_0266
137,"[384, 160, 448, 224]",0.9536948204040527,1.0,0.9629558563232423,cut_roasted_beef,cam00,cam00_0264,264,/leonardo_work/EUHPC_D21_034/proj_adags/repo/adags/refine-logs/depth_occlusion_support/r031_da3_depth_full/depth_npz/cut_roasted_beef/cam00_0264.npz,/leonardo_work/EUHPC_D21_034/proj_adags/data/n3v/cut_roasted_beef/motion_priors/masks/cam00_0264.png,/leonardo_work/EUHPC_D21_034/proj_adags/data/n3v/cut_roasted_beef/flow/cam00_0264.npz,1,0.18433211743831635,0.4983975291252136,0.3257521390914917,0.471000999212265,0.33805322647094727,0.05187143385410309,0.05085022747516632,0.23963621258735657,0.5555915236473083,0.6686098575592041,0.04519566148519516,cut_roasted_beef_depth_034_cam00_0264
38,"[384, 192, 448, 256]",0.953478991985321,1.0,0.9627831935882569,cut_roasted_beef,cam00,cam00_0074,74,/leonardo_work/EUHPC_D21_034/proj_adags/repo/adags/refine-logs/depth_occlusion_support/r031_da3_depth_full/depth_npz/cut_roasted_beef/cam00_0074.npz,/leonardo_work/EUHPC_D21_034/proj_adags/data/n3v/cut_roasted_beef/motion_priors/masks/cam00_0074.png,/leonardo_work/EUHPC_D21_034/proj_adags/data/n3v/cut_roasted_beef/flow/cam00_0074.npz,0,0.1763390749692917,0.5813629031181335,0.25144994258880615,0.46744081377983093,0.31830716133117676,0.023966247215867043,0.027695108205080032,0.6011635661125183,0.5518422722816467,0.6609420776367188,0.03142397105693817,cut_roasted_beef_depth_035_cam00_0074
88,"[384, 160, 448, 224]",0.9533711075782776,1.0,0.9626968860626222,cut_roasted_beef,cam00,cam00_0272,272,/leonardo_work/EUHPC_D21_034/proj_adags/repo/adags/refine-logs/depth_occlusion_support/r031_da3_depth_full/depth_npz/cut_roasted_beef/cam00_0272.npz,/leonardo_work/EUHPC_D21_034/proj_adags/data/n3v/cut_roasted_beef/motion_priors/masks/cam00_0272.png,/leonardo_work/EUHPC_D21_034/proj_adags/data/n3v/cut_roasted_beef/flow/cam00_0272.npz,1,0.18439145386219025,0.37252867221832275,0.3197932541370392,0.47977837920188904,0.3277328610420227,0.03381359204649925,0.04139677807688713,0.41850191354751587,0.5556178092956543,0.6707456707954407,0.034324195235967636,cut_roasted_beef_depth_036_cam00_0272
21,"[224, 256, 288, 320]",0.9857127070426941,1.0,0.9885701656341552,flame_steak,cam00,cam00_0194,194,/leonardo_work/EUHPC_D21_034/proj_adags/repo/adags/refine-logs/depth_occlusion_support/r031_da3_depth_full/depth_npz/flame_steak/cam00_0194.npz,/leonardo_work/EUHPC_D21_034/proj_adags/data/n3v/flame_steak/motion_priors/masks/cam00_0194.png,/leonardo_work/EUHPC_D21_034/proj_adags/data/n3v/flame_steak/flow/cam00_0194.npz,0,0.1922270953655243,0.38834241032600403,0.28515058755874634,0.4342011511325836,0.3250182569026947,0.03616820275783539,0.036646708846092224,0.21312862634658813,0.555956244468689,0.6442438960075378,0.03577722609043121,flame_steak_depth_001_cam00_0194
19,"[288, 160, 352, 224]",0.981677234172821,1.0,0.9853417873382568,flame_steak,cam00,cam00_0060,60,/leonardo_work/EUHPC_D21_034/proj_adags/repo/adags/refine-logs/depth_occlusion_support/r031_da3_depth_full/depth_npz/flame_steak/cam00_0060.npz,/leonardo_work/EUHPC_D21_034/proj_adags/data/n3v/flame_steak/motion_priors/masks/cam00_0060.png,/leonardo_work/EUHPC_D21_034/proj_adags/data/n3v/flame_steak/flow/cam00_0060.npz,0,0.19353947043418884,0.28343847393989563,0.3244139552116394,0.44726860523223877,0.3197667598724365,0.031365614384412766,0.028529580682516098,0.4724595248699188,0.5741249918937683,0.6126506924629211,0.03585600480437279,flame_steak_depth_002_cam00_0060
19,"[288, 160, 352, 224]",0.9798239469528198,1.0,0.983859157562256,flame_steak,cam00,cam00_0042,42,/leonardo_work/EUHPC_D21_034/proj_adags/repo/adags/refine-logs/depth_occlusion_support/r031_da3_depth_full/depth_npz/flame_steak/cam00_0042.npz,/leonardo_work/EUHPC_D21_034/proj_adags/data/n3v/flame_steak/motion_priors/masks/cam00_0042.png,/leonardo_work/EUHPC_D21_034/proj_adags/data/n3v/flame_steak/flow/cam00_0042.npz,0,0.19611488282680511,0.3593577444553375,0.3251476287841797,0.4622306525707245,0.31853577494621277,0.03403825685381889,0.02810359187424183,0.6036524176597595,0.5750381946563721,0.6057619452476501,0.033393438905477524,flame_steak_depth_003_cam00_0042
28,"[224, 256, 288, 320]",0.9787030816078186,1.0,0.982962465286255,flame_steak,cam00,cam00_0030,30,/leonardo_work/EUHPC_D21_034/proj_adags/repo/adags/refine-logs/depth_occlusion_support/r031_da3_depth_full/depth_npz/flame_steak/cam00_0030.npz,/leonardo_work/EUHPC_D21_034/proj_adags/data/n3v/flame_steak/motion_priors/masks/cam00_0030.png,/leonardo_work/EUHPC_D21_034/proj_adags/data/n3v/flame_steak/flow/cam00_0030.npz,0,0.18260252475738525,0.37405550479888916,0.27765214443206787,0.4432770609855652,0.3175669312477112,0.03084917739033699,0.026685573160648346,0.6323366165161133,0.5763512253761292,0.603375256061554,0.034875646233558655,flame_steak_depth_004_cam00_0030
30,"[224, 256, 288, 320]",0.9786205887794495,1.0,0.9828964710235597,flame_steak,cam00,cam00_0196,196,/leonardo_work/EUHPC_D21_034/proj_adags/repo/adags/refine-logs/depth_occlusion_support/r031_da3_depth_full/depth_npz/flame_steak/cam00_0196.npz,/leonardo_work/EUHPC_D21_034/proj_adags/data/n3v/flame_steak/motion_priors/masks/cam00_0196.png,/leonardo_work/EUHPC_D21_034/proj_adags/data/n3v/flame_steak/flow/cam00_0196.npz,0,0.19165880978107452,0.2762691080570221,0.2972511351108551,0.43095216155052185,0.31572631001472473,0.024616902694106102,0.02176627889275551,0.7749670147895813,0.5553697943687439,0.6459828615188599,0.032060034573078156,flame_steak_depth_005_cam00_0196
84,"[384, 192, 448, 256]",0.9766518473625183,1.0,0.9813214778900148,flame_steak,cam00,cam00_0067,67,/leonardo_work/EUHPC_D21_034/proj_adags/repo/adags/refine-logs/depth_occlusion_support/r031_da3_depth_full/depth_npz/flame_steak/cam00_0067.npz,/leonardo_work/EUHPC_D21_034/proj_adags/data/n3v/flame_steak/motion_priors/masks/cam00_0067.png,/leonardo_work/EUHPC_D21_034/proj_adags/data/n3v/flame_steak/flow/cam00_0067.npz,0,0.16548222303390503,0.38558223843574524,0.29616326093673706,0.4577847123146057,0.3191375732421875,0.029393227770924568,0.028412871062755585,0.682457447052002,0.5751461982727051,0.6130679249763489,0.03358892723917961,flame_steak_depth_006_cam00_0067
25,"[288, 160, 352, 224]",0.9740992784500122,1.0,0.9792794227600099,flame_steak,cam00,cam00_0040,40,/leonardo_work/EUHPC_D21_034/proj_adags/repo/adags/refine-logs/depth_occlusion_support/r031_da3_depth_full/depth_npz/flame_steak/cam00_0040.npz,/leonardo_work/EUHPC_D21_034/proj_adags/data/n3v/flame_steak/motion_priors/masks/cam00_0040.png,/leonardo_work/EUHPC_D21_034/proj_adags/data/n3v/flame_steak/flow/cam00_0040.npz,0,0.16568788886070251,0.31341320276260376,0.3174019157886505,0.4459739923477173,0.3196996748447418,0.03420165181159973,0.029113126918673515,0.7213041186332703,0.5760010480880737,0.6056627631187439,0.03350139409303665,flame_steak_depth_007_cam00_0040
64,"[416, 192, 480, 256]",0.973706841468811,1.0,0.9789654731750488,flame_steak,cam00,cam00_0166,166,/leonardo_work/EUHPC_D21_034/proj_adags/repo/adags/refine-logs/depth_occlusion_support/r031_da3_depth_full/depth_npz/flame_steak/cam00_0166.npz,/leonardo_work/EUHPC_D21_034/proj_adags/data/n3v/flame_steak/motion_priors/masks/cam00_0166.png,/leonardo_work/EUHPC_D21_034/proj_adags/data/n3v/flame_steak/flow/cam00_0166.npz,0,0.18305888772010803,0.3226335346698761,0.3032473623752594,0.45457082986831665,0.31983810663223267,0.02543678507208824,0.03161070495843887,0.49709686636924744,0.5645022988319397,0.6439638137817383,0.031053418293595314,flame_steak_depth_008_cam00_0166
93,"[288, 192, 352, 256]",0.9721733927726746,1.0,0.9777387142181397,flame_steak,cam00,cam00_0081,81,/leonardo_work/EUHPC_D21_034/proj_adags/repo/adags/refine-logs/depth_occlusion_support/r031_da3_depth_full/depth_npz/flame_steak/cam00_0081.npz,/leonardo_work/EUHPC_D21_034/proj_adags/data/n3v/flame_steak/motion_priors/masks/cam00_0081.png,/leonardo_work/EUHPC_D21_034/proj_adags/data/n3v/flame_steak/flow/cam00_0081.npz,0,0.18471357226371765,0.5803637504577637,0.2740669250488281,0.47284892201423645,0.3212715983390808,0.032716523855924606,0.03798303008079529,0.5873364806175232,0.5719920992851257,0.6187808513641357,0.037002671509981155,flame_steak_depth_009_cam00_0081
75,"[384, 192, 448, 256]",0.9721498489379883,1.0,0.9777198791503907,flame_steak,cam00,cam00_0226,226,/leonardo_work/EUHPC_D21_034/proj_adags/repo/adags/refine-logs/depth_occlusion_support/r031_da3_depth_full/depth_npz/flame_steak/cam00_0226.npz,/leonardo_work/EUHPC_D21_034/proj_adags/data/n3v/flame_steak/motion_priors/masks/cam00_0226.png,/leonardo_work/EUHPC_D21_034/proj_adags/data/n3v/flame_steak/flow/cam00_0226.npz,0,0.187866672873497,0.3407038748264313,0.304287850856781,0.4777529239654541,0.31557103991508484,0.02213391289114952,0.028205711394548416,0.7407799959182739,0.5520873665809631,0.6521100997924805,0.026606794446706772,flame_steak_depth_010_cam00_0226
23,"[224, 256, 288, 320]",0.9709881544113159,1.0,0.9767905235290528,flame_steak,cam00,cam00_0084,84,/leonardo_work/EUHPC_D21_034/proj_adags/repo/adags/refine-logs/depth_occlusion_support/r031_da3_depth_full/depth_npz/flame_steak/cam00_0084.npz,/leonardo_work/EUHPC_D21_034/proj_adags/data/n3v/flame_steak/motion_priors/masks/cam00_0084.png,/leonardo_work/EUHPC_D21_034/proj_adags/data/n3v/flame_steak/flow/cam00_0084.npz,0,0.1550932079553604,0.28092750906944275,0.25809741020202637,0.4014255702495575,0.3225826621055603,0.032693181186914444,0.03864535689353943,0.6080990433692932,0.5725669264793396,0.6205461025238037,0.03704351931810379,flame_steak_depth_011_cam00_0084
23,"[256, 224, 320, 288]",0.9708797335624695,1.0,0.9767037868499757,flame_steak,cam00,cam00_0057,57,/leonardo_work/EUHPC_D21_034/proj_adags/repo/adags/refine-logs/depth_occlusion_support/r031_da3_depth_full/depth_npz/flame_steak/cam00_0057.npz,/leonardo_work/EUHPC_D21_034/proj_adags/data/n3v/flame_steak/motion_priors/masks/cam00_0057.png,/leonardo_work/EUHPC_D21_034/proj_adags/data/n3v/flame_steak/flow/cam00_0057.npz,0,0.1927277147769928,0.4304001033306122,0.29434025287628174,0.44313618540763855,0.3132331073284149,0.02082676813006401,0.024371812120079994,0.8075785040855408,0.5740695595741272,0.6105090975761414,0.03218258172273636,flame_steak_depth_012_cam00_0057
19,"[416, 224, 480, 288]",0.9690282940864563,1.0,0.9752226352691651,flame_steak,cam00,cam00_0176,176,/leonardo_work/EUHPC_D21_034/proj_adags/repo/adags/refine-logs/depth_occlusion_support/r031_da3_depth_full/depth_npz/flame_steak/cam00_0176.npz,/leonardo_work/EUHPC_D21_034/proj_adags/data/n3v/flame_steak/motion_priors/masks/cam00_0176.png,/leonardo_work/EUHPC_D21_034/proj_adags/data/n3v/flame_steak/flow/cam00_0176.npz,0,0.19683781266212463,0.29539787769317627,0.3009326457977295,0.4486168622970581,0.3281257450580597,0.042415063828229904,0.04722932353615761,0.318088173866272,0.5569278597831726,0.6401590704917908,0.03564009070396423,flame_steak_depth_013_cam00_0176
27,"[288, 160, 352, 224]",0.9683588743209839,1.0,0.9746870994567871,flame_steak,cam00,cam00_0041,41,/leonardo_work/EUHPC_D21_034/proj_adags/repo/adags/refine-logs/depth_occlusion_support/r031_da3_depth_full/depth_npz/flame_steak/cam00_0041.npz,/leonardo_work/EUHPC_D21_034/proj_adags/data/n3v/flame_steak/motion_priors/masks/cam00_0041.png,/leonardo_work/EUHPC_D21_034/proj_adags/data/n3v/flame_steak/flow/cam00_0041.npz,0,0.16773585975170135,0.2673186659812927,0.3112947344779968,0.4436955153942108,0.32071441411972046,0.03427750989794731,0.028124015778303146,0.699105978012085,0.5758318305015564,0.6061704158782959,0.0327836312353611,flame_steak_depth_014_cam00_0041
91,"[384, 192, 448, 256]",0.9682821035385132,1.0,0.9746256828308106,flame_steak,cam00,cam00_0038,38,/leonardo_work/EUHPC_D21_034/proj_adags/repo/adags/refine-logs/depth_occlusion_support/r031_da3_depth_full/depth_npz/flame_steak/cam00_0038.npz,/leonardo_work/EUHPC_D21_034/proj_adags/data/n3v/flame_steak/motion_priors/masks/cam00_0038.png,/leonardo_work/EUHPC_D21_034/proj_adags/data/n3v/flame_steak/flow/cam00_0038.npz,0,0.1642935574054718,0.24788205325603485,0.3083762228488922,0.4488165080547333,0.3196031153202057,0.033629775047302246,0.03120514005422592,0.5947562456130981,0.575694739818573,0.6061091423034668,0.03470933437347412,flame_steak_depth_015_cam00_0038
71,"[384, 192, 448, 256]",0.9680777788162231,1.0,0.9744622230529785,flame_steak,cam00,cam00_0222,222,/leonardo_work/EUHPC_D21_034/proj_adags/repo/adags/refine-logs/depth_occlusion_support/r031_da3_depth_full/depth_npz/flame_steak/cam00_0222.npz,/leonardo_work/EUHPC_D21_034/proj_adags/data/n3v/flame_steak/motion_priors/masks/cam00_0222.png,/leonardo_work/EUHPC_D21_034/proj_adags/data/n3v/flame_steak/flow/cam00_0222.npz,0,0.1802118420600891,0.2939497232437134,0.27412310242652893,0.45488306879997253,0.3146614730358124,0.025390101596713066,0.017719384282827377,0.7847764492034912,0.5505380034446716,0.6516724228858948,0.03066827729344368,flame_steak_depth_016_cam00_0222
56,"[416, 192, 480, 256]",0.9677495360374451,1.0,0.9741996288299561,flame_steak,cam00,cam00_0153,153,/leonardo_work/EUHPC_D21_034/proj_adags/repo/adags/refine-logs/depth_occlusion_support/r031_da3_depth_full/depth_npz/flame_steak/cam00_0153.npz,/leonardo_work/EUHPC_D21_034/proj_adags/data/n3v/flame_steak/motion_priors/masks/cam00_0153.png,/leonardo_work/EUHPC_D21_034/proj_adags/data/n3v/flame_steak/flow/cam00_0153.npz,0,0.19479991495609283,0.27041709423065186,0.28693580627441406,0.4339907765388489,0.32122427225112915,0.02564394287765026,0.025789830833673477,0.23989005386829376,0.5689751505851746,0.6454168558120728,0.029772533103823662,flame_steak_depth_017_cam00_0153
58,"[256, 224, 320, 288]",0.9674573540687561,1.0,0.9739658832550049,flame_steak,cam00,cam00_0222,222,/leonardo_work/EUHPC_D21_034/proj_adags/repo/adags/refine-logs/depth_occlusion_support/r031_da3_depth_full/depth_npz/flame_steak/cam00_0222.npz,/leonardo_work/EUHPC_D21_034/proj_adags/data/n3v/flame_steak/motion_priors/masks/cam00_0222.png,/leonardo_work/EUHPC_D21_034/proj_adags/data/n3v/flame_steak/flow/cam00_0222.npz,1,0.1802118420600891,0.2939497232437134,0.27412310242652893,0.45488306879997253,0.3146614730358124,0.025390101596713066,0.017719384282827377,0.7847764492034912,0.5505380034446716,0.6516724228858948,0.03066827729344368,flame_steak_depth_018_cam00_0222
96,"[384, 192, 448, 256]",0.9673118591308594,1.0,0.9738494873046875,flame_steak,cam00,cam00_0072,72,/leonardo_work/EUHPC_D21_034/proj_adags/repo/adags/refine-logs/depth_occlusion_support/r031_da3_depth_full/depth_npz/flame_steak/cam00_0072.npz,/leonardo_work/EUHPC_D21_034/proj_adags/data/n3v/flame_steak/motion_priors/masks/cam00_0072.png,/leonardo_work/EUHPC_D21_034/proj_adags/data/n3v/flame_steak/flow/cam00_0072.npz,0,0.19082944095134735,0.3128376007080078,0.313900887966156,0.4509117305278778,0.3154236674308777,0.022793319076299667,0.027438348159193993,0.33669164776802063,0.57508784532547,0.6154604554176331,0.02922983467578888,flame_steak_depth_019_cam00_0072
46,"[224, 256, 288, 320]",0.9648435115814209,1.0,0.9718748092651368,flame_steak,cam00,cam00_0216,216,/leonardo_work/EUHPC_D21_034/proj_adags/repo/adags/refine-logs/depth_occlusion_support/r031_da3_depth_full/depth_npz/flame_steak/cam00_0216.npz,/leonardo_work/EUHPC_D21_034/proj_adags/data/n3v/flame_steak/motion_priors/masks/cam00_0216.png,/leonardo_work/EUHPC_D21_034/proj_adags/data/n3v/flame_steak/flow/cam00_0216.npz,0,0.1921359747648239,0.44544416666030884,0.32703453302383423,0.4743558168411255,0.32370424270629883,0.03924641013145447,0.03710479289293289,0.3936457633972168,0.5506460070610046,0.6489852070808411,0.0366000272333622,flame_steak_depth_020_cam00_0216
101,"[416, 192, 480, 256]",0.964245617389679,1.0,0.9713964939117432,flame_steak,cam00,cam00_0158,158,/leonardo_work/EUHPC_D21_034/proj_adags/repo/adags/refine-logs/depth_occlusion_support/r031_da3_depth_full/depth_npz/flame_steak/cam00_0158.npz,/leonardo_work/EUHPC_D21_034/proj_adags/data/n3v/flame_steak/motion_priors/masks/cam00_0158.png,/leonardo_work/EUHPC_D21_034/proj_adags/data/n3v/flame_steak/flow/cam00_0158.npz,0,0.18759150803089142,0.3687857687473297,0.32601410150527954,0.437676340341568,0.31791841983795166,0.023026738315820694,0.021229416131973267,0.8182924389839172,0.5669765472412109,0.6440834403038025,0.028663795441389084,flame_steak_depth_021_cam00_0158
23,"[224, 256, 288, 320]",0.9642211198806763,1.0,0.971376895904541,flame_steak,cam00,cam00_0290,290,/leonardo_work/EUHPC_D21_034/proj_adags/repo/adags/refine-logs/depth_occlusion_support/r031_da3_depth_full/depth_npz/flame_steak/cam00_0290.npz,/leonardo_work/EUHPC_D21_034/proj_adags/data/n3v/flame_steak/motion_priors/masks/cam00_0290.png,/leonardo_work/EUHPC_D21_034/proj_adags/data/n3v/flame_steak/flow/cam00_0290.npz,0,0.15455082058906555,0.47831064462661743,0.29157865047454834,0.4527607262134552,0.30651456117630005,0.012849690392613411,0.03053114376962185,0.4639018177986145,0.5644527077674866,0.6089247465133667,0.02185381017625332,flame_steak_depth_022_cam00_0290
88,"[384, 160, 448, 224]",0.9641135931015015,1.0,0.9712908744812012,flame_steak,cam00,cam00_0166,166,/leonardo_work/EUHPC_D21_034/proj_adags/repo/adags/refine-logs/depth_occlusion_support/r031_da3_depth_full/depth_npz/flame_steak/cam00_0166.npz,/leonardo_work/EUHPC_D21_034/proj_adags/data/n3v/flame_steak/motion_priors/masks/cam00_0166.png,/leonardo_work/EUHPC_D21_034/proj_adags/data/n3v/flame_steak/flow/cam00_0166.npz,1,0.18305888772010803,0.3226335346698761,0.3032473623752594,0.45457082986831665,0.31983810663223267,0.02543678507208824,0.03161070495843887,0.49709686636924744,0.5645022988319397,0.6439638137817383,0.031053418293595314,flame_steak_depth_023_cam00_0166
59,"[384, 160, 448, 224]",0.964061439037323,1.0,0.9712491512298584,flame_steak,cam00,cam00_0089,89,/leonardo_work/EUHPC_D21_034/proj_adags/repo/adags/refine-logs/depth_occlusion_support/r031_da3_depth_full/depth_npz/flame_steak/cam00_0089.npz,/leonardo_work/EUHPC_D21_034/proj_adags/data/n3v/flame_steak/motion_priors/masks/cam00_0089.png,/leonardo_work/EUHPC_D21_034/proj_adags/data/n3v/flame_steak/flow/cam00_0089.npz,0,0.1926937699317932,0.4011584222316742,0.2655658423900604,0.5229192972183228,0.3237264156341553,0.032442256808280945,0.0389779768884182,0.5691444277763367,0.5723743438720703,0.6242662072181702,0.0372244194149971,flame_steak_depth_024_cam00_0089
18,"[224, 256, 288, 320]",0.963948667049408,1.0,0.9711589336395263,flame_steak,cam00,cam00_0032,32,/leonardo_work/EUHPC_D21_034/proj_adags/repo/adags/refine-logs/depth_occlusion_support/r031_da3_depth_full/depth_npz/flame_steak/cam00_0032.npz,/leonardo_work/EUHPC_D21_034/proj_adags/data/n3v/flame_steak/motion_priors/masks/cam00_0032.png,/leonardo_work/EUHPC_D21_034/proj_adags/data/n3v/flame_steak/flow/cam00_0032.npz,0,0.16528941690921783,0.4078041613101959,0.2922765016555786,0.4492524266242981,0.3193458616733551,0.03404409438371658,0.029594551771879196,0.12740275263786316,0.5760915279388428,0.6041863560676575,0.03494275361299515,flame_steak_depth_025_cam00_0032
46,"[352, 160, 416, 224]",0.9637987017631531,1.0,0.9710389614105226,flame_steak,cam00,cam00_0202,202,/leonardo_work/EUHPC_D21_034/proj_adags/repo/adags/refine-logs/depth_occlusion_support/r031_da3_depth_full/depth_npz/flame_steak/cam00_0202.npz,/leonardo_work/EUHPC_D21_034/proj_adags/data/n3v/flame_steak/motion_priors/masks/cam00_0202.png,/leonardo_work/EUHPC_D21_034/proj_adags/data/n3v/flame_steak/flow/cam00_0202.npz,0,0.19071438908576965,0.29343751072883606,0.3203781247138977,0.44006988406181335,0.3161526918411255,0.020009802654385567,0.029480760917067528,0.792701005935669,0.5535695552825928,0.6487080454826355,0.028176534920930862,flame_steak_depth_026_cam00_0202
46,"[416, 352, 480, 416]",0.9637339115142822,1.0,0.9709871292114258,flame_steak,cam00,cam00_0196,196,/leonardo_work/EUHPC_D21_034/proj_adags/repo/adags/refine-logs/depth_occlusion_support/r031_da3_depth_full/depth_npz/flame_steak/cam00_0196.npz,/leonardo_work/EUHPC_D21_034/proj_adags/data/n3v/flame_steak/motion_priors/masks/cam00_0196.png,/leonardo_work/EUHPC_D21_034/proj_adags/data/n3v/flame_steak/flow/cam00_0196.npz,1,0.19165880978107452,0.2762691080570221,0.2972511351108551,0.43095216155052185,0.31572631001472473,0.024616902694106102,0.02176627889275551,0.7749670147895813,0.5553697943687439,0.6459828615188599,0.032060034573078156,flame_steak_depth_027_cam00_0196
38,"[352, 160, 416, 224]",0.9635806083679199,1.0,0.9708644866943359,flame_steak,cam00,cam00_0196,196,/leonardo_work/EUHPC_D21_034/proj_adags/repo/adags/refine-logs/depth_occlusion_support/r031_da3_depth_full/depth_npz/flame_steak/cam00_0196.npz,/leonardo_work/EUHPC_D21_034/proj_adags/data/n3v/flame_steak/motion_priors/masks/cam00_0196.png,/leonardo_work/EUHPC_D21_034/proj_adags/data/n3v/flame_steak/flow/cam00_0196.npz,2,0.19165880978107452,0.2762691080570221,0.2972511351108551,0.43095216155052185,0.31572631001472473,0.024616902694106102,0.02176627889275551,0.7749670147895813,0.5553697943687439,0.6459828615188599,0.032060034573078156,flame_steak_depth_028_cam00_0196
99,"[416, 256, 480, 320]",0.9631971716880798,1.0,0.9705577373504639,flame_steak,cam00,cam00_0042,42,/leonardo_work/EUHPC_D21_034/proj_adags/repo/adags/refine-logs/depth_occlusion_support/r031_da3_depth_full/depth_npz/flame_steak/cam00_0042.npz,/leonardo_work/EUHPC_D21_034/proj_adags/data/n3v/flame_steak/motion_priors/masks/cam00_0042.png,/leonardo_work/EUHPC_D21_034/proj_adags/data/n3v/flame_steak/flow/cam00_0042.npz,1,0.19611488282680511,0.3593577444553375,0.3251476287841797,0.4622306525707245,0.31853577494621277,0.03403825685381889,0.02810359187424183,0.6036524176597595,0.5750381946563721,0.6057619452476501,0.033393438905477524,flame_steak_depth_029_cam00_0042
140,"[416, 224, 480, 288]",0.9621491432189941,1.0,0.9697193145751954,flame_steak,cam00,cam00_0158,158,/leonardo_work/EUHPC_D21_034/proj_adags/repo/adags/refine-logs/depth_occlusion_support/r031_da3_depth_full/depth_npz/flame_steak/cam00_0158.npz,/leonardo_work/EUHPC_D21_034/proj_adags/data/n3v/flame_steak/motion_priors/masks/cam00_0158.png,/leonardo_work/EUHPC_D21_034/proj_adags/data/n3v/flame_steak/flow/cam00_0158.npz,1,0.18759150803089142,0.3687857687473297,0.32601410150527954,0.437676340341568,0.31791841983795166,0.023026738315820694,0.021229416131973267,0.8182924389839172,0.5669765472412109,0.6440834403038025,0.028663795441389084,flame_steak_depth_030_cam00_0158
65,"[384, 192, 448, 256]",0.961590588092804,1.0,0.9692724704742433,flame_steak,cam00,cam00_0228,228,/leonardo_work/EUHPC_D21_034/proj_adags/repo/adags/refine-logs/depth_occlusion_support/r031_da3_depth_full/depth_npz/flame_steak/cam00_0228.npz,/leonardo_work/EUHPC_D21_034/proj_adags/data/n3v/flame_steak/motion_priors/masks/cam00_0228.png,/leonardo_work/EUHPC_D21_034/proj_adags/data/n3v/flame_steak/flow/cam00_0228.npz,0,0.18526676297187805,0.3669831156730652,0.3215571343898773,0.47601833939552307,0.31842464208602905,0.026367541402578354,0.03265233337879181,0.6630223989486694,0.5518889427185059,0.6512231230735779,0.03088710643351078,flame_steak_depth_031_cam00_0228
74,"[384, 192, 448, 256]",0.9614077210426331,1.0,0.9691261768341064,flame_steak,cam00,cam00_0037,37,/leonardo_work/EUHPC_D21_034/proj_adags/repo/adags/refine-logs/depth_occlusion_support/r031_da3_depth_full/depth_npz/flame_steak/cam00_0037.npz,/leonardo_work/EUHPC_D21_034/proj_adags/data/n3v/flame_steak/motion_priors/masks/cam00_0037.png,/leonardo_work/EUHPC_D21_034/proj_adags/data/n3v/flame_steak/flow/cam00_0037.npz,0,0.18284228444099426,0.3876575827598572,0.2733725905418396,0.4404052793979645,0.3206622302532196,0.03479103371500969,0.03186162933707237,0.6548585891723633,0.5759748220443726,0.6051667332649231,0.036521248519420624,flame_steak_depth_032_cam00_0037
22,"[384, 192, 448, 256]",0.9611281752586365,1.0,0.9689025402069091,flame_steak,cam00,cam00_0230,230,/leonardo_work/EUHPC_D21_034/proj_adags/repo/adags/refine-logs/depth_occlusion_support/r031_da3_depth_full/depth_npz/flame_steak/cam00_0230.npz,/leonardo_work/EUHPC_D21_034/proj_adags/data/n3v/flame_steak/motion_priors/masks/cam00_0230.png,/leonardo_work/EUHPC_D21_034/proj_adags/data/n3v/flame_steak/flow/cam00_0230.npz,0,0.18073652684688568,0.282097190618515,0.28162896633148193,0.45225533843040466,0.3154135048389435,0.027009442448616028,0.02226521074771881,0.7611282467842102,0.5515037775039673,0.6508642435073853,0.030604086816310883,flame_steak_depth_033_cam00_0230
51,"[416, 256, 480, 320]",0.9602856636047363,1.0,0.968228530883789,flame_steak,cam00,cam00_0092,92,/leonardo_work/EUHPC_D21_034/proj_adags/repo/adags/refine-logs/depth_occlusion_support/r031_da3_depth_full/depth_npz/flame_steak/cam00_0092.npz,/leonardo_work/EUHPC_D21_034/proj_adags/data/n3v/flame_steak/motion_priors/masks/cam00_0092.png,/leonardo_work/EUHPC_D21_034/proj_adags/data/n3v/flame_steak/flow/cam00_0092.npz,0,0.18990154564380646,0.3133901357650757,0.3093520402908325,0.4815109670162201,0.32001039385795593,0.026262503117322922,0.03496609628200531,0.6549403071403503,0.5723801851272583,0.6253136396408081,0.03533664718270302,flame_steak_depth_034_cam00_0092
83,"[384, 192, 448, 256]",0.9598098993301392,1.0,0.9678479194641114,flame_steak,cam00,cam00_0223,223,/leonardo_work/EUHPC_D21_034/proj_adags/repo/adags/refine-logs/depth_occlusion_support/r031_da3_depth_full/depth_npz/flame_steak/cam00_0223.npz,/leonardo_work/EUHPC_D21_034/proj_adags/data/n3v/flame_steak/motion_priors/masks/cam00_0223.png,/leonardo_work/EUHPC_D21_034/proj_adags/data/n3v/flame_steak/flow/cam00_0223.npz,0,0.18084877729415894,0.5118760466575623,0.26718249917030334,0.4553059935569763,0.31069087982177734,0.020167361944913864,0.016645658761262894,0.8299837708473206,0.5515388250350952,0.651249349117279,0.02952452562749386,flame_steak_depth_035_cam00_0223
67,"[416, 224, 480, 288]",0.9592334032058716,1.0,0.9673867225646973,flame_steak,cam00,cam00_0166,166,/leonardo_work/EUHPC_D21_034/proj_adags/repo/adags/refine-logs/depth_occlusion_support/r031_da3_depth_full/depth_npz/flame_steak/cam00_0166.npz,/leonardo_work/EUHPC_D21_034/proj_adags/data/n3v/flame_steak/motion_priors/masks/cam00_0166.png,/leonardo_work/EUHPC_D21_034/proj_adags/data/n3v/flame_steak/flow/cam00_0166.npz,2,0.18305888772010803,0.3226335346698761,0.3032473623752594,0.45457082986831665,0.31983810663223267,0.02543678507208824,0.03161070495843887,0.49709686636924744,0.5645022988319397,0.6439638137817383,0.031053418293595314,flame_steak_depth_036_cam00_0166
20,"[288, 160, 352, 224]",0.9937294125556946,1.0,0.9949835300445558,sear_steak,cam00,cam00_0089,89,/leonardo_work/EUHPC_D21_034/proj_adags/repo/adags/refine-logs/depth_occlusion_support/r031_da3_depth_full/depth_npz/sear_steak/cam00_0089.npz,/leonardo_work/EUHPC_D21_034/proj_adags/data/n3v/sear_steak/motion_priors/masks/cam00_0089.png,/leonardo_work/EUHPC_D21_034/proj_adags/data/n3v/sear_steak/flow/cam00_0089.npz,0,0.18702121078968048,0.33913350105285645,0.2621091902256012,0.46210992336273193,0.32833948731422424,0.02697734721004963,0.027438348159193993,0.5644147396087646,0.5817723274230957,0.6623192429542542,0.029037265107035637,sear_steak_depth_001_cam00_0089
31,"[384, 160, 448, 224]",0.9732640981674194,1.0,0.9786112785339356,sear_steak,cam00,cam00_0088,88,/leonardo_work/EUHPC_D21_034/proj_adags/repo/adags/refine-logs/depth_occlusion_support/r031_da3_depth_full/depth_npz/sear_steak/cam00_0088.npz,/leonardo_work/EUHPC_D21_034/proj_adags/data/n3v/sear_steak/motion_priors/masks/cam00_0088.png,/leonardo_work/EUHPC_D21_034/proj_adags/data/n3v/sear_steak/flow/cam00_0088.npz,0,0.1868228167295456,0.31690773367881775,0.2578025460243225,0.4681386947631836,0.32815930247306824,0.025912374258041382,0.03184995800256729,0.49508070945739746,0.5802580714225769,0.6607787013053894,0.030691619962453842,sear_steak_depth_002_cam00_0088
106,"[288, 192, 352, 256]",0.9726549983024597,1.0,0.9781239986419679,sear_steak,cam00,cam00_0115,115,/leonardo_work/EUHPC_D21_034/proj_adags/repo/adags/refine-logs/depth_occlusion_support/r031_da3_depth_full/depth_npz/sear_steak/cam00_0115.npz,/leonardo_work/EUHPC_D21_034/proj_adags/data/n3v/sear_steak/motion_priors/masks/cam00_0115.png,/leonardo_work/EUHPC_D21_034/proj_adags/data/n3v/sear_steak/flow/cam00_0115.npz,0,0.1841588020324707,0.34784621000289917,0.26360705494880676,0.482514351606369,0.32400473952293396,0.011799306608736515,0.02689564973115921,0.8128858804702759,0.5841473937034607,0.6670809984207153,0.026402553543448448,sear_steak_depth_003_cam00_0115
108,"[288, 192, 352, 256]",0.972307562828064,1.0,0.9778460502624513,sear_steak,cam00,cam00_0169,169,/leonardo_work/EUHPC_D21_034/proj_adags/repo/adags/refine-logs/depth_occlusion_support/r031_da3_depth_full/depth_npz/sear_steak/cam00_0169.npz,/leonardo_work/EUHPC_D21_034/proj_adags/data/n3v/sear_steak/motion_priors/masks/cam00_0169.png,/leonardo_work/EUHPC_D21_034/proj_adags/data/n3v/sear_steak/flow/cam00_0169.npz,0,0.18382714688777924,0.5248932838439941,0.2777723968029022,0.46861082315444946,0.33195266127586365,0.026434648782014847,0.033104583621025085,0.6713671088218689,0.5848739147186279,0.6708506941795349,0.029795875772833824,sear_steak_depth_004_cam00_0169
90,"[288, 192, 352, 256]",0.9695561528205872,1.0,0.9756449222564698,sear_steak,cam00,cam00_0116,116,/leonardo_work/EUHPC_D21_034/proj_adags/repo/adags/refine-logs/depth_occlusion_support/r031_da3_depth_full/depth_npz/sear_steak/cam00_0116.npz,/leonardo_work/EUHPC_D21_034/proj_adags/data/n3v/sear_steak/motion_priors/masks/cam00_0116.png,/leonardo_work/EUHPC_D21_034/proj_adags/data/n3v/sear_steak/flow/cam00_0116.npz,0,0.18594986200332642,0.2936076521873474,0.2824613153934479,0.49348849058151245,0.31990888714790344,0.009946547448635101,0.017570579424500465,0.8098018169403076,0.5838789343833923,0.6680000424385071,0.027131985872983932,sear_steak_depth_005_cam00_0116
137,"[288, 192, 352, 256]",0.9671080708503723,1.0,0.9736864566802979,sear_steak,cam00,cam00_0027,27,/leonardo_work/EUHPC_D21_034/proj_adags/repo/adags/refine-logs/depth_occlusion_support/r031_da3_depth_full/depth_npz/sear_steak/cam00_0027.npz,/leonardo_work/EUHPC_D21_034/proj_adags/data/n3v/sear_steak/motion_priors/masks/cam00_0027.png,/leonardo_work/EUHPC_D21_034/proj_adags/data/n3v/sear_steak/flow/cam00_0027.npz,0,0.19593746960163116,0.4243242144584656,0.28571683168411255,0.4626004099845886,0.3207333981990814,0.016937432810664177,0.028418706730008125,0.656510055065155,0.5792368650436401,0.6431118249893188,0.0320337750017643,sear_steak_depth_006_cam00_0027
30,"[256, 224, 320, 288]",0.9667249917984009,1.0,0.9733799934387208,sear_steak,cam00,cam00_0087,87,/leonardo_work/EUHPC_D21_034/proj_adags/repo/adags/refine-logs/depth_occlusion_support/r031_da3_depth_full/depth_npz/sear_steak/cam00_0087.npz,/leonardo_work/EUHPC_D21_034/proj_adags/data/n3v/sear_steak/motion_priors/masks/cam00_0087.png,/leonardo_work/EUHPC_D21_034/proj_adags/data/n3v/sear_steak/flow/cam00_0087.npz,0,0.18795515596866608,0.37748631834983826,0.25682052969932556,0.4695989787578583,0.329219788312912,0.022536559030413628,0.03889044374227524,0.5690889954566956,0.5798466205596924,0.6618202924728394,0.029752109199762344,sear_steak_depth_007_cam00_0087
95,"[288, 192, 352, 256]",0.9663586020469666,1.0,0.9730868816375733,sear_steak,cam00,cam00_0029,29,/leonardo_work/EUHPC_D21_034/proj_adags/repo/adags/refine-logs/depth_occlusion_support/r031_da3_depth_full/depth_npz/sear_steak/cam00_0029.npz,/leonardo_work/EUHPC_D21_034/proj_adags/data/n3v/sear_steak/motion_priors/masks/cam00_0029.png,/leonardo_work/EUHPC_D21_034/proj_adags/data/n3v/sear_steak/flow/cam00_0029.npz,0,0.1924293488264084,0.40844571590423584,0.2781572639942169,0.46639013290405273,0.32097771763801575,0.018440064042806625,0.0281210970133543,0.23165622353553772,0.5791930556297302,0.6429834365844727,0.03567510470747948,sear_steak_depth_008_cam00_0029
82,"[384, 192, 448, 256]",0.965805172920227,1.0,0.9726441383361817,sear_steak,cam00,cam00_0013,13,/leonardo_work/EUHPC_D21_034/proj_adags/repo/adags/refine-logs/depth_occlusion_support/r031_da3_depth_full/depth_npz/sear_steak/cam00_0013.npz,/leonardo_work/EUHPC_D21_034/proj_adags/data/n3v/sear_steak/motion_priors/masks/cam00_0013.png,/leonardo_work/EUHPC_D21_034/proj_adags/data/n3v/sear_steak/flow/cam00_0013.npz,0,0.19441284239292145,0.43294891715049744,0.2833098769187927,0.5027494430541992,0.3220455050468445,0.022364413365721703,0.03091920167207718,0.6776373386383057,0.5784986615180969,0.639674723148346,0.03155526891350746,sear_steak_depth_009_cam00_0013
30,"[384, 160, 448, 224]",0.9628763198852539,1.0,0.9703010559082033,sear_steak,cam00,cam00_0021,21,/leonardo_work/EUHPC_D21_034/proj_adags/repo/adags/refine-logs/depth_occlusion_support/r031_da3_depth_full/depth_npz/sear_steak/cam00_0021.npz,/leonardo_work/EUHPC_D21_034/proj_adags/data/n3v/sear_steak/motion_priors/masks/cam00_0021.png,/leonardo_work/EUHPC_D21_034/proj_adags/data/n3v/sear_steak/flow/cam00_0021.npz,0,0.18681080639362335,0.3527402877807617,0.27028608322143555,0.4453514814376831,0.31947779655456543,0.01505841314792633,0.029375722631812096,0.6805638074874878,0.57907634973526,0.640281617641449,0.02836618758738041,sear_steak_depth_010_cam00_0021
35,"[256, 224, 320, 288]",0.9624881148338318,1.0,0.9699904918670654,sear_steak,cam00,cam00_0088,88,/leonardo_work/EUHPC_D21_034/proj_adags/repo/adags/refine-logs/depth_occlusion_support/r031_da3_depth_full/depth_npz/sear_steak/cam00_0088.npz,/leonardo_work/EUHPC_D21_034/proj_adags/data/n3v/sear_steak/motion_priors/masks/cam00_0088.png,/leonardo_work/EUHPC_D21_034/proj_adags/data/n3v/sear_steak/flow/cam00_0088.npz,1,0.1868228167295456,0.31690773367881775,0.2578025460243225,0.4681386947631836,0.32815930247306824,0.025912374258041382,0.03184995800256729,0.49508070945739746,0.5802580714225769,0.6607787013053894,0.030691619962453842,sear_steak_depth_011_cam00_0088
31,"[416, 256, 480, 320]",0.9622103571891785,1.0,0.9697682857513428,sear_steak,cam00,cam00_0024,24,/leonardo_work/EUHPC_D21_034/proj_adags/repo/adags/refine-logs/depth_occlusion_support/r031_da3_depth_full/depth_npz/sear_steak/cam00_0024.npz,/leonardo_work/EUHPC_D21_034/proj_adags/data/n3v/sear_steak/motion_priors/masks/cam00_0024.png,/leonardo_work/EUHPC_D21_034/proj_adags/data/n3v/sear_steak/flow/cam00_0024.npz,0,0.1872754991054535,0.4400050938129425,0.2630583643913269,0.4843829274177551,0.31932589411735535,0.019064458087086678,0.02650759182870388,0.6557484865188599,0.5787437558174133,0.6415362358093262,0.032290536910295486,sear_steak_depth_012_cam00_0024
63,"[384, 192, 448, 256]",0.9614848494529724,1.0,0.9691878795623781,sear_steak,cam00,cam00_0094,94,/leonardo_work/EUHPC_D21_034/proj_adags/repo/adags/refine-logs/depth_occlusion_support/r031_da3_depth_full/depth_npz/sear_steak/cam00_0094.npz,/leonardo_work/EUHPC_D21_034/proj_adags/data/n3v/sear_steak/motion_priors/masks/cam00_0094.png,/leonardo_work/EUHPC_D21_034/proj_adags/data/n3v/sear_steak/flow/cam00_0094.npz,0,0.19454896450042725,0.3272625803947449,0.3176807463169098,0.4834439158439636,0.3300492763519287,0.0260261669754982,0.03119346871972084,0.5945491194725037,0.581985354423523,0.6628561019897461,0.028482895344495773,sear_steak_depth_013_cam00_0094
55,"[416, 256, 480, 320]",0.9614591598510742,1.0,0.9691673278808595,sear_steak,cam00,cam00_0088,88,/leonardo_work/EUHPC_D21_034/proj_adags/repo/adags/refine-logs/depth_occlusion_support/r031_da3_depth_full/depth_npz/sear_steak/cam00_0088.npz,/leonardo_work/EUHPC_D21_034/proj_adags/data/n3v/sear_steak/motion_priors/masks/cam00_0088.png,/leonardo_work/EUHPC_D21_034/proj_adags/data/n3v/sear_steak/flow/cam00_0088.npz,2,0.1868228167295456,0.31690773367881775,0.2578025460243225,0.4681386947631836,0.32815930247306824,0.025912374258041382,0.03184995800256729,0.49508070945739746,0.5802580714225769,0.6607787013053894,0.030691619962453842,sear_steak_depth_014_cam00_0088
21,"[288, 160, 352, 224]",0.960924506187439,1.0,0.9687396049499513,sear_steak,cam00,cam00_0108,108,/leonardo_work/EUHPC_D21_034/proj_adags/repo/adags/refine-logs/depth_occlusion_support/r031_da3_depth_full/depth_npz/sear_steak/cam00_0108.npz,/leonardo_work/EUHPC_D21_034/proj_adags/data/n3v/sear_steak/motion_priors/masks/cam00_0108.png,/leonardo_work/EUHPC_D21_034/proj_adags/data/n3v/sear_steak/flow/cam00_0108.npz,0,0.18984518945217133,0.6322229504585266,0.24251040816307068,0.4779391586780548,0.3271280825138092,0.02195884846150875,0.02959747053682804,0.6120584011077881,0.5830298662185669,0.6624796986579895,0.030216028913855553,sear_steak_depth_015_cam00_0108
126,"[288, 192, 352, 256]",0.9591630697250366,1.0,0.9673304557800293,sear_steak,cam00,cam00_0114,114,/leonardo_work/EUHPC_D21_034/proj_adags/repo/adags/refine-logs/depth_occlusion_support/r031_da3_depth_full/depth_npz/sear_steak/cam00_0114.npz,/leonardo_work/EUHPC_D21_034/proj_adags/data/n3v/sear_steak/motion_priors/masks/cam00_0114.png,/leonardo_work/EUHPC_D21_034/proj_adags/data/n3v/sear_steak/flow/cam00_0114.npz,0,0.18474963307380676,0.4006904363632202,0.26111987233161926,0.4785482883453369,0.32562366127967834,0.01809285394847393,0.022831249982118607,0.7709026336669922,0.5843486785888672,0.666205644607544,0.029183151200413704,sear_steak_depth_016_cam00_0114
35,"[288, 160, 352, 224]",0.9585707783699036,1.0,0.966856622695923,sear_steak,cam00,cam00_0106,106,/leonardo_work/EUHPC_D21_034/proj_adags/repo/adags/refine-logs/depth_occlusion_support/r031_da3_depth_full/depth_npz/sear_steak/cam00_0106.npz,/leonardo_work/EUHPC_D21_034/proj_adags/data/n3v/sear_steak/motion_priors/masks/cam00_0106.png,/leonardo_work/EUHPC_D21_034/proj_adags/data/n3v/sear_steak/flow/cam00_0106.npz,0,0.1900932341814041,0.3207952380180359,0.2468702495098114,0.4834716320037842,0.328304648399353,0.024050861597061157,0.029906749725341797,0.5191432237625122,0.5840627551078796,0.6631624698638916,0.028351597487926483,sear_steak_depth_017_cam00_0106
26,"[416, 256, 480, 320]",0.9584439396858215,1.0,0.9667551517486572,sear_steak,cam00,cam00_0115,115,/leonardo_work/EUHPC_D21_034/proj_adags/repo/adags/refine-logs/depth_occlusion_support/r031_da3_depth_full/depth_npz/sear_steak/cam00_0115.npz,/leonardo_work/EUHPC_D21_034/proj_adags/data/n3v/sear_steak/motion_priors/masks/cam00_0115.png,/leonardo_work/EUHPC_D21_034/proj_adags/data/n3v/sear_steak/flow/cam00_0115.npz,1,0.1841588020324707,0.34784621000289917,0.26360705494880676,0.482514351606369,0.32400473952293396,0.011799306608736515,0.02689564973115921,0.8128858804702759,0.5841473937034607,0.6670809984207153,0.026402553543448448,sear_steak_depth_018_cam00_0115
101,"[384, 192, 448, 256]",0.9583831429481506,1.0,0.9667065143585205,sear_steak,cam00,cam00_0103,103,/leonardo_work/EUHPC_D21_034/proj_adags/repo/adags/refine-logs/depth_occlusion_support/r031_da3_depth_full/depth_npz/sear_steak/cam00_0103.npz,/leonardo_work/EUHPC_D21_034/proj_adags/data/n3v/sear_steak/motion_priors/masks/cam00_0103.png,/leonardo_work/EUHPC_D21_034/proj_adags/data/n3v/sear_steak/flow/cam00_0103.npz,0,0.18844439089298248,0.3510977625846863,0.2557174563407898,0.4741654396057129,0.32957354187965393,0.022845838218927383,0.03893421217799187,0.3794860243797302,0.5828898549079895,0.6637518405914307,0.025836514309048653,sear_steak_depth_019_cam00_0103
125,"[288, 192, 352, 256]",0.9577937126159668,1.0,0.9662349700927735,sear_steak,cam00,cam00_0202,202,/leonardo_work/EUHPC_D21_034/proj_adags/repo/adags/refine-logs/depth_occlusion_support/r031_da3_depth_full/depth_npz/sear_steak/cam00_0202.npz,/leonardo_work/EUHPC_D21_034/proj_adags/data/n3v/sear_steak/motion_priors/masks/cam00_0202.png,/leonardo_work/EUHPC_D21_034/proj_adags/data/n3v/sear_steak/flow/cam00_0202.npz,0,0.19274020195007324,0.4804494082927704,0.27043142914772034,0.4851638376712799,0.3271985352039337,0.01960715651512146,0.03637535870075226,0.6088985204696655,0.5868462920188904,0.6555763483047485,0.027867255732417107,sear_steak_depth_020_cam00_0202
52,"[416, 256, 480, 320]",0.9577864408493042,1.0,0.9662291526794433,sear_steak,cam00,cam00_0028,28,/leonardo_work/EUHPC_D21_034/proj_adags/repo/adags/refine-logs/depth_occlusion_support/r031_da3_depth_full/depth_npz/sear_steak/cam00_0028.npz,/leonardo_work/EUHPC_D21_034/proj_adags/data/n3v/sear_steak/motion_priors/masks/cam00_0028.png,/leonardo_work/EUHPC_D21_034/proj_adags/data/n3v/sear_steak/flow/cam00_0028.npz,0,0.1914295256137848,0.39864957332611084,0.3087818920612335,0.4722931683063507,0.319718599319458,0.015075919218361378,0.027549222111701965,0.7116755843162537,0.5793185234069824,0.6432664394378662,0.03381067514419556,sear_steak_depth_021_cam00_0028
21,"[288, 160, 352, 224]",0.9558354616165161,1.0,0.964668369293213,sear_steak,cam00,cam00_0019,19,/leonardo_work/EUHPC_D21_034/proj_adags/repo/adags/refine-logs/depth_occlusion_support/r031_da3_depth_full/depth_npz/sear_steak/cam00_0019.npz,/leonardo_work/EUHPC_D21_034/proj_adags/data/n3v/sear_steak/motion_priors/masks/cam00_0019.png,/leonardo_work/EUHPC_D21_034/proj_adags/data/n3v/sear_steak/flow/cam00_0019.npz,0,0.1945791244506836,0.41570016741752625,0.29152947664260864,0.44500043988227844,0.31612101197242737,0.01314146351069212,0.023852456361055374,0.589483916759491,0.5783585906028748,0.6412124037742615,0.028900131583213806,sear_steak_depth_022_cam00_0019
41,"[224, 256, 288, 320]",0.9558269381523132,1.0,0.9646615505218505,sear_steak,cam00,cam00_0231,231,/leonardo_work/EUHPC_D21_034/proj_adags/repo/adags/refine-logs/depth_occlusion_support/r031_da3_depth_full/depth_npz/sear_steak/cam00_0231.npz,/leonardo_work/EUHPC_D21_034/proj_adags/data/n3v/sear_steak/motion_priors/masks/cam00_0231.png,/leonardo_work/EUHPC_D21_034/proj_adags/data/n3v/sear_steak/flow/cam00_0231.npz,0,0.18926623463630676,0.4696192443370819,0.2714674472808838,0.4622328281402588,0.3214758336544037,0.01833794265985489,0.03155526891350746,0.5191695094108582,0.5857113003730774,0.6463125944137573,0.021063104271888733,sear_steak_depth_023_cam00_0231
32,"[288, 160, 352, 224]",0.954958438873291,1.0,0.963966751098633,sear_steak,cam00,cam00_0090,90,/leonardo_work/EUHPC_D21_034/proj_adags/repo/adags/refine-logs/depth_occlusion_support/r031_da3_depth_full/depth_npz/sear_steak/cam00_0090.npz,/leonardo_work/EUHPC_D21_034/proj_adags/data/n3v/sear_steak/motion_priors/masks/cam00_0090.png,/leonardo_work/EUHPC_D21_034/proj_adags/data/n3v/sear_steak/flow/cam00_0090.npz,0,0.1951419562101364,0.2879156470298767,0.259513258934021,0.4758409857749939,0.3292832374572754,0.025728557258844376,0.03264358267188072,0.5709154605865479,0.5812996625900269,0.6632295846939087,0.029261929914355278,sear_steak_depth_024_cam00_0090
45,"[384, 160, 448, 224]",0.9545783996582031,1.0,0.9636627197265626,sear_steak,cam00,cam00_0113,113,/leonardo_work/EUHPC_D21_034/proj_adags/repo/adags/refine-logs/depth_occlusion_support/r031_da3_depth_full/depth_npz/sear_steak/cam00_0113.npz,/leonardo_work/EUHPC_D21_034/proj_adags/data/n3v/sear_steak/motion_priors/masks/cam00_0113.png,/leonardo_work/EUHPC_D21_034/proj_adags/data/n3v/sear_steak/flow/cam00_0113.npz,0,0.16151566803455353,0.4807679057121277,0.2721076011657715,0.5000009536743164,0.3291747272014618,0.022845838218927383,0.02550680935382843,0.8138195276260376,0.5839810967445374,0.6676849722862244,0.030388174578547478,sear_steak_depth_025_cam00_0113
143,"[288, 192, 352, 256]",0.9530351758003235,1.0,0.9624281406402588,sear_steak,cam00,cam00_0113,113,/leonardo_work/EUHPC_D21_034/proj_adags/repo/adags/refine-logs/depth_occlusion_support/r031_da3_depth_full/depth_npz/sear_steak/cam00_0113.npz,/leonardo_work/EUHPC_D21_034/proj_adags/data/n3v/sear_steak/motion_priors/masks/cam00_0113.png,/leonardo_work/EUHPC_D21_034/proj_adags/data/n3v/sear_steak/flow/cam00_0113.npz,1,0.16151566803455353,0.4807679057121277,0.2721076011657715,0.5000009536743164,0.3291747272014618,0.022845838218927383,0.02550680935382843,0.8138195276260376,0.5839810967445374,0.6676849722862244,0.030388174578547478,sear_steak_depth_026_cam00_0113
17,"[224, 256, 288, 320]",0.9523226618766785,1.0,0.9618581295013429,sear_steak,cam00,cam00_0251,251,/leonardo_work/EUHPC_D21_034/proj_adags/repo/adags/refine-logs/depth_occlusion_support/r031_da3_depth_full/depth_npz/sear_steak/cam00_0251.npz,/leonardo_work/EUHPC_D21_034/proj_adags/data/n3v/sear_steak/motion_priors/masks/cam00_0251.png,/leonardo_work/EUHPC_D21_034/proj_adags/data/n3v/sear_steak/flow/cam00_0251.npz,0,0.19611506164073944,0.4366106390953064,0.2661558985710144,0.4954850971698761,0.31748127937316895,0.012511232867836952,0.027537550777196884,0.6684114933013916,0.5865632891654968,0.6352485418319702,0.017768986523151398,sear_steak_depth_027_cam00_0251
47,"[224, 256, 288, 320]",0.9519361257553101,1.0,0.9615489006042481,sear_steak,cam00,cam00_0281,281,/leonardo_work/EUHPC_D21_034/proj_adags/repo/adags/refine-logs/depth_occlusion_support/r031_da3_depth_full/depth_npz/sear_steak/cam00_0281.npz,/leonardo_work/EUHPC_D21_034/proj_adags/data/n3v/sear_steak/motion_priors/masks/cam00_0281.png,/leonardo_work/EUHPC_D21_034/proj_adags/data/n3v/sear_steak/flow/cam00_0281.npz,0,0.1899995654821396,0.5478977560997009,0.25581493973731995,0.46946054697036743,0.3206937313079834,0.02138405479490757,0.041195452213287354,0.35350361466407776,0.5898982286453247,0.612589418888092,0.01990184746682644,sear_steak_depth_028_cam00_0281
44,"[256, 224, 320, 288]",0.9513372778892517,1.0,0.9610698223114014,sear_steak,cam00,cam00_0092,92,/leonardo_work/EUHPC_D21_034/proj_adags/repo/adags/refine-logs/depth_occlusion_support/r031_da3_depth_full/depth_npz/sear_steak/cam00_0092.npz,/leonardo_work/EUHPC_D21_034/proj_adags/data/n3v/sear_steak/motion_priors/masks/cam00_0092.png,/leonardo_work/EUHPC_D21_034/proj_adags/data/n3v/sear_steak/flow/cam00_0092.npz,0,0.19421075284481049,0.36748048663139343,0.2643825113773346,0.48817428946495056,0.3295675218105316,0.02932320348918438,0.029107291251420975,0.6862242221832275,0.5812588334083557,0.6632762551307678,0.030385257676243782,sear_steak_depth_029_cam00_0092
85,"[288, 192, 352, 256]",0.9510220885276794,1.0,0.9608176708221436,sear_steak,cam00,cam00_0168,168,/leonardo_work/EUHPC_D21_034/proj_adags/repo/adags/refine-logs/depth_occlusion_support/r031_da3_depth_full/depth_npz/sear_steak/cam00_0168.npz,/leonardo_work/EUHPC_D21_034/proj_adags/data/n3v/sear_steak/motion_priors/masks/cam00_0168.png,/leonardo_work/EUHPC_D21_034/proj_adags/data/n3v/sear_steak/flow/cam00_0168.npz,0,0.18398980796337128,0.383574515581131,0.2715962827205658,0.47973188757896423,0.3284255564212799,0.02217184193432331,0.029130632057785988,0.7223515510559082,0.5840539932250977,0.6699053645133972,0.027800146490335464,sear_steak_depth_030_cam00_0168
57,"[384, 160, 448, 224]",0.9506874084472656,1.0,0.9605499267578126,sear_steak,cam00,cam00_0031,31,/leonardo_work/EUHPC_D21_034/proj_adags/repo/adags/refine-logs/depth_occlusion_support/r031_da3_depth_full/depth_npz/sear_steak/cam00_0031.npz,/leonardo_work/EUHPC_D21_034/proj_adags/data/n3v/sear_steak/motion_priors/masks/cam00_0031.png,/leonardo_work/EUHPC_D21_034/proj_adags/data/n3v/sear_steak/flow/cam00_0031.npz,0,0.19329942762851715,0.40694546699523926,0.27174270153045654,0.5069100260734558,0.3255607783794403,0.02404210902750492,0.03681010380387306,0.45497938990592957,0.5797620415687561,0.6442643404006958,0.03624114394187927,sear_steak_depth_031_cam00_0031
41,"[384, 160, 448, 224]",0.9503791332244873,1.0,0.9603033065795898,sear_steak,cam00,cam00_0112,112,/leonardo_work/EUHPC_D21_034/proj_adags/repo/adags/refine-logs/depth_occlusion_support/r031_da3_depth_full/depth_npz/sear_steak/cam00_0112.npz,/leonardo_work/EUHPC_D21_034/proj_adags/data/n3v/sear_steak/motion_priors/masks/cam00_0112.png,/leonardo_work/EUHPC_D21_034/proj_adags/data/n3v/sear_steak/flow/cam00_0112.npz,0,0.1902085542678833,0.3106846809387207,0.26184210181236267,0.4724533259868622,0.33105573058128357,0.02497578226029873,0.02870464324951172,0.7859697937965393,0.5832808017730713,0.6676674485206604,0.03156985715031624,sear_steak_depth_032_cam00_0112
24,"[384, 160, 448, 224]",0.949317991733551,1.0,0.9594543933868409,sear_steak,cam00,cam00_0089,89,/leonardo_work/EUHPC_D21_034/proj_adags/repo/adags/refine-logs/depth_occlusion_support/r031_da3_depth_full/depth_npz/sear_steak/cam00_0089.npz,/leonardo_work/EUHPC_D21_034/proj_adags/data/n3v/sear_steak/motion_priors/masks/cam00_0089.png,/leonardo_work/EUHPC_D21_034/proj_adags/data/n3v/sear_steak/flow/cam00_0089.npz,1,0.18702121078968048,0.33913350105285645,0.2621091902256012,0.46210992336273193,0.32833948731422424,0.02697734721004963,0.027438348159193993,0.5644147396087646,0.5817723274230957,0.6623192429542542,0.029037265107035637,sear_steak_depth_033_cam00_0089
52,"[288, 160, 352, 224]",0.949273943901062,1.0,0.9594191551208497,sear_steak,cam00,cam00_0014,14,/leonardo_work/EUHPC_D21_034/proj_adags/repo/adags/refine-logs/depth_occlusion_support/r031_da3_depth_full/depth_npz/sear_steak/cam00_0014.npz,/leonardo_work/EUHPC_D21_034/proj_adags/data/n3v/sear_steak/motion_priors/masks/cam00_0014.png,/leonardo_work/EUHPC_D21_034/proj_adags/data/n3v/sear_steak/flow/cam00_0014.npz,0,0.1880730539560318,0.46919551491737366,0.2557431757450104,0.47746312618255615,0.3206217885017395,0.021643733605742455,0.027563810348510742,0.6951583027839661,0.5782623291015625,0.6400248408317566,0.02992425486445427,sear_steak_depth_034_cam00_0014
62,"[288, 160, 352, 224]",0.949272871017456,1.0,0.9594182968139648,sear_steak,cam00,cam00_0093,93,/leonardo_work/EUHPC_D21_034/proj_adags/repo/adags/refine-logs/depth_occlusion_support/r031_da3_depth_full/depth_npz/sear_steak/cam00_0093.npz,/leonardo_work/EUHPC_D21_034/proj_adags/data/n3v/sear_steak/motion_priors/masks/cam00_0093.png,/leonardo_work/EUHPC_D21_034/proj_adags/data/n3v/sear_steak/flow/cam00_0093.npz,0,0.19317033886909485,0.49271026253700256,0.26835307478904724,0.4981920123100281,0.3330284655094147,0.028649207204580307,0.03867453336715698,0.6064125895500183,0.5817461013793945,0.6636351346969604,0.03007305972278118,sear_steak_depth_035_cam00_0093
161,"[288, 192, 352, 256]",0.9490142464637756,1.0,0.9592113971710206,sear_steak,cam00,cam00_0086,86,/leonardo_work/EUHPC_D21_034/proj_adags/repo/adags/refine-logs/depth_occlusion_support/r031_da3_depth_full/depth_npz/sear_steak/cam00_0086.npz,/leonardo_work/EUHPC_D21_034/proj_adags/data/n3v/sear_steak/motion_priors/masks/cam00_0086.png,/leonardo_work/EUHPC_D21_034/proj_adags/data/n3v/sear_steak/flow/cam00_0086.npz,0,0.18844380974769592,0.49817636609077454,0.2467859834432602,0.4777679741382599,0.32560625672340393,0.02212807722389698,0.028080249205231667,0.5617567300796509,0.5800508856773376,0.661038339138031,0.03029189072549343,sear_steak_depth_036_cam00_0086
